FromNode,ToNode,SourcePort,DestinationPort,Size,Priority,StartTime,EndTime,Duration
h13,h20,2,1,54747,0,+1000604294.0ns,+1001022058.0ns,417764
h8,h22,2,1,25891,0,+1000659709.0ns,+1001072726.0ns,413017
h4,h23,2,1,1579544,0,+1000546947.0ns,+1001213058.0ns,666111
h16,h23,2,1,3332655,0,+1000526348.0ns,+1001338909.0ns,812561
h6,h23,2,1,75678,0,+1000947499.0ns,+1001362583.0ns,415084
h3,h23,2,1,51138,0,+1000996108.0ns,+1001409175.0ns,413067
h12,h23,2,1,30662,0,+1001282415.0ns,+1001696285.0ns,413870
h5,h22,2,1,67676,0,+1001306856.0ns,+1001726838.0ns,419982
h9,h22,2,1,1837985,0,+1001181727.0ns,+1001749728.0ns,568001
h10,h21,2,1,171512,0,+1001598235.0ns,+1002021195.0ns,422960
h15,h22,2,1,74158,0,+1001758345.0ns,+1002173304.0ns,414959
h10,h21,2,2,28183,0,+1001791975.0ns,+1002205373.0ns,413398
h6,h21,2,1,5579491,0,+1001625204.0ns,+1002494931.0ns,869727
h2,h21,2,1,25050,0,+1002589471.0ns,+1003002352.0ns,412881
h5,h20,2,1,1558042,0,+1002473114.0ns,+1003010020.0ns,536906
h14,h22,2,1,346951,0,+1002573327.0ns,+1003012765.0ns,439438
h6,h22,2,1,5696161,0,+1002664667.0ns,+1003541654.0ns,876987
h12,h23,2,2,32029,0,+1003385130.0ns,+1003796644.0ns,411514
h15,h23,2,1,871871,0,+1003481250.0ns,+1004033367.0ns,552117
h13,h22,2,1,66648,0,+1003637770.0ns,+1004070394.0ns,432624
h6,h20,2,1,2306517,0,+1003215498.0ns,+1004092782.0ns,877284
h13,h21,2,1,6713,0,+1003639857.0ns,+1004113803.0ns,473946
h1,h20,2,1,1298317,0,+1003396228.0ns,+1004150930.0ns,754702
h14,h23,2,1,57885,0,+1003756494.0ns,+1004183818.0ns,427324
h3,h22,2,1,5154710,0,+1003384940.0ns,+1004686920.0ns,1301980
h3,h22,2,2,4965148,0,+1003410752.0ns,+1004697151.0ns,1286399
h1,h23,2,1,287095,0,+1004325079.0ns,+1004757551.0ns,432472
h7,h20,2,1,18523650,0,+1002795579.0ns,+1005030132.0ns,2234553
h11,h22,2,1,5929360,0,+1004357425.0ns,+1005259148.0ns,901723
h1,h20,2,2,67771,0,+1004835434.0ns,+1005260824.0ns,425390
h8,h23,2,1,26049,0,+1004902664.0ns,+1005315713.0ns,413049
h11,h23,2,1,112055,0,+1005075411.0ns,+1005502634.0ns,427223
h1,h22,2,1,936,0,+1005222476.0ns,+1005631181.0ns,408705
h8,h22,2,2,49764,0,+1005400281.0ns,+1005816313.0ns,416032
h16,h20,2,1,2150834,0,+1004916512.0ns,+1005855515.0ns,939003
h9,h21,2,1,1197046,0,+1005363629.0ns,+1005978449.0ns,614820
h9,h21,2,2,745225,0,+1005516712.0ns,+1006092986.0ns,576274
h12,h21,2,1,76,0,+1005706792.0ns,+1006114874.0ns,408082
h7,h21,2,1,71594,0,+1005779813.0ns,+1006194561.0ns,414748
h13,h20,2,2,3959297,0,+1004881785.0ns,+1006288597.0ns,1406812
h6,h20,2,2,9757597,0,+1004667772.0ns,+1006469439.0ns,1801667
h8,h23,2,2,24391,0,+1006104390.0ns,+1006515257.0ns,410867
h15,h20,2,1,2745349,0,+1005494742.0ns,+1006612949.0ns,1118207
h12,h21,2,2,4028083,0,+1005917573.0ns,+1006658203.0ns,740630
h2,h20,2,1,35040,0,+1006248860.0ns,+1006662990.0ns,414130
h1,h22,2,2,18213,0,+1006307001.0ns,+1006717377.0ns,410376
h13,h23,2,1,144304,0,+1006411775.0ns,+1006832498.0ns,420723
h10,h20,2,1,4114136,0,+1006249391.0ns,+1006999198.0ns,749807
h3,h20,2,1,23861,0,+1006590635.0ns,+1007001460.0ns,410825
h14,h20,2,1,61069,0,+1007447224.0ns,+1007866734.0ns,419510
h7,h22,2,1,2095384,0,+1007242503.0ns,+1007995720.0ns,753217
h10,h21,2,3,34010,0,+1007667940.0ns,+1008079599.0ns,411659
h8,h22,2,3,5363,0,+1007551581.0ns,+1008128728.0ns,577147
h15,h22,2,2,9824303,0,+1006789187.0ns,+1008178797.0ns,1389610
h15,h22,2,3,74909,0,+1007863883.0ns,+1008278903.0ns,415020
h11,h20,2,1,7270,0,+1008042422.0ns,+1008452432.0ns,410010
h13,h23,2,2,116458,0,+1008098906.0ns,+1008526860.0ns,427954
h3,h21,2,1,109898,0,+1008207520.0ns,+1008634945.0ns,427425
h12,h22,2,1,1065614,0,+1008155590.0ns,+1008652027.0ns,496437
h10,h21,2,4,97629,0,+1008293946.0ns,+1008710860.0ns,416914
h6,h22,2,2,60382,0,+1008398483.0ns,+1008814742.0ns,416259
h4,h21,2,1,225485,0,+1008338734.0ns,+1008821802.0ns,483068
h3,h20,2,2,178772,0,+1008379316.0ns,+1008951021.0ns,571705
h15,h22,2,4,2434005,0,+1008247147.0ns,+1009066738.0ns,819591
h4,h23,2,2,7345273,0,+1007961454.0ns,+1009198687.0ns,1237233
h5,h23,2,1,193634,0,+1008678133.0ns,+1009214602.0ns,536469
h7,h20,2,2,46980,0,+1008898172.0ns,+1009310897.0ns,412725
h8,h20,2,1,158258,0,+1009116255.0ns,+1009538139.0ns,421884
h14,h21,2,1,9559896,0,+1008334285.0ns,+1009547722.0ns,1213437
h2,h21,2,2,29032,0,+1009323673.0ns,+1009734924.0ns,411251
h12,h21,2,3,17878,0,+1009337087.0ns,+1009747421.0ns,410334
h11,h20,2,2,17345,0,+1009774197.0ns,+1010184485.0ns,410288
h7,h20,2,3,302185,0,+1009804309.0ns,+1010238007.0ns,433698
h2,h23,2,1,653275,0,+1009912267.0ns,+1010374820.0ns,462553
h13,h22,2,2,67660,0,+1010050246.0ns,+1010464670.0ns,414424
h5,h21,2,1,5988,0,+1010097939.0ns,+1010507296.0ns,409357
h9,h21,2,3,1576039,0,+1010446180.0ns,+1010984567.0ns,538387
h15,h23,2,2,4303111,0,+1010833976.0ns,+1011596479.0ns,762503
h8,h23,2,3,3273806,0,+1011346339.0ns,+1012062591.0ns,716252
h9,h22,2,3,48259,0,+1011696214.0ns,+1012214933.0ns,518719
h5,h20,2,2,98171,0,+1011680091.0ns,+1012262161.0ns,582070
h4,h20,2,1,1052833,0,+1011712091.0ns,+1012392354.0ns,680263
h16,h22,2,1,6670072,0,+1011173306.0ns,+1012432634.0ns,1259328
h10,h23,2,1,27563,0,+1012115656.0ns,+1012528967.0ns,413311
h2,h23,2,2,4945193,0,+1011538845.0ns,+1012547080.0ns,1008235
h9,h22,2,2,6648745,0,+1011539301.0ns,+1012680950.0ns,1141649
h1,h22,2,3,2348861,0,+1012366672.0ns,+1013165041.0ns,798369
h3,h20,2,3,182516,0,+1012776659.0ns,+1013238711.0ns,462052
h1,h20,2,3,165191,0,+1012874916.0ns,+1013321318.0ns,446402
h12,h21,2,4,3484578,0,+1012384189.0ns,+1013366091.0ns,981902
h3,h20,2,4,5491,0,+1013231261.0ns,+1013642149.0ns,410888
h9,h21,2,4,61668,0,+1012912609.0ns,+1013702767.0ns,790158
h5,h21,2,2,441178,0,+1013411913.0ns,+1013918168.0ns,506255
h3,h21,2,2,4851169,0,+1012549255.0ns,+1013933314.0ns,1384059
h11,h23,2,2,1933250,0,+1013230828.0ns,+1014001741.0ns,770913
h11,h20,2,3,302264,0,+1013315320.0ns,+1014113981.0ns,798661
h4,h20,2,3,24303,0,+1013577051.0ns,+1014170330.0ns,593279
h14,h22,2,2,681963,0,+1013023402.0ns,+1014319635.0ns,1296233
h7,h20,2,4,7808,0,+1013918913.0ns,+1014414342.0ns,495429
h14,h22,2,3,6210086,0,+1013216952.0ns,+1014499414.0ns,1282462
h1,h20,2,4,1314892,0,+1013612843.0ns,+1014526928.0ns,914085
h6,h21,2,3,69948,0,+1013369348.0ns,+1014554209.0ns,1184861
h4,h20,2,2,3352327,0,+1013527659.0ns,+1014562886.0ns,1035227
h15,h22,2,5,8554633,0,+1012804481.0ns,+1014944743.0ns,2140262
h12,h23,2,3,36507,0,+1014784254.0ns,+1015199096.0ns,414842
h3,h22,2,3,6707,0,+1014855939.0ns,+1015265756.0ns,409817
h2,h21,2,3,22046,0,+1014416680.0ns,+1015363070.0ns,946390
h3,h20,2,6,9757,0,+1014895866.0ns,+1015384292.0ns,488426
h3,h20,2,5,2477392,0,+1014788273.0ns,+1015538863.0ns,750590
h6,h20,2,3,1945829,0,+1014763892.0ns,+1015546576.0ns,782684
h2,h20,2,2,3015,0,+1015322558.0ns,+1015731858.0ns,409300
h1,h20,2,5,981365,0,+1015314534.0ns,+1015804299.0ns,489765
h14,h21,2,2,155198,0,+1015400485.0ns,+1015839501.0ns,439016
h7,h20,2,5,87196,0,+1015484886.0ns,+1015900938.0ns,416052
h13,h21,2,2,1779,0,+1015509892.0ns,+1015931756.0ns,421864
h5,h20,2,3,250707,0,+1015537189.0ns,+1015993114.0ns,455925
h2,h23,2,3,158776,0,+1015563993.0ns,+1015998211.0ns,434218
h5,h23,2,2,844713,0,+1015495123.0ns,+1015999923.0ns,504800
h6,h20,2,4,48241,0,+1015607666.0ns,+1016024323.0ns,416657
h10,h20,2,2,479999,0,+1015519593.0ns,+1016152626.0ns,633033
h14,h20,2,2,1442,0,+1015832089.0ns,+1016241072.0ns,408983
h14,h22,2,4,16994,0,+1015905421.0ns,+1016317887.0ns,412466
h1,h22,2,4,44027,0,+1015687874.0ns,+1016417156.0ns,729282
h10,h21,2,5,2426,0,+1015714956.0ns,+1016457648.0ns,742692
h9,h23,2,1,8259,0,+1016001706.0ns,+1016556421.0ns,554715
h4,h21,2,2,5715429,0,+1015416727.0ns,+1016808426.0ns,1391699
h15,h20,2,3,2022397,0,+1016056405.0ns,+1016833788.0ns,777383
h1,h23,2,2,6766,0,+1016475022.0ns,+1016929125.0ns,454103
h2,h21,2,4,21057,0,+1016019459.0ns,+1016940720.0ns,921261
h9,h22,2,4,22082,0,+1016746396.0ns,+1017158266.0ns,411870
h9,h20,2,1,55912,0,+1016407548.0ns,+1017215762.0ns,808214
h9,h23,2,2,40058,0,+1016855558.0ns,+1017271038.0ns,415480
h5,h20,2,4,1518,0,+1016086608.0ns,+1017310286.0ns,1223678
h13,h21,2,3,25991,0,+1016521970.0ns,+1017380167.0ns,858197
h8,h22,2,4,9359377,0,+1015888145.0ns,+1017746291.0ns,1858146
h6,h21,2,2,27505226,0,+1013080501.0ns,+1017749426.0ns,4668925
h2,h22,2,1,575405,0,+1016829965.0ns,+1017796717.0ns,966752
h10,h21,2,6,16063,0,+1016993504.0ns,+1017825549.0ns,832045
h6,h21,2,4,73916,0,+1017507978.0ns,+1017925893.0ns,417915
h8,h23,2,4,7640654,0,+1016082332.0ns,+1018039341.0ns,1957009
h11,h20,2,4,2625,0,+1017710948.0ns,+1018120172.0ns,409224
h10,h21,2,7,6728,0,+1017758365.0ns,+1018167782.0ns,409417
h15,h20,2,2,17011100,0,+1015693459.0ns,+1018294290.0ns,2600831
h4,h22,2,1,19871,0,+1018361314.0ns,+1018773346.0ns,412032
h6,h22,2,3,41711,0,+1018385510.0ns,+1018802717.0ns,417207
h15,h20,2,4,1315983,0,+1018457212.0ns,+1019026220.0ns,569008
h1,h23,2,3,3149796,0,+1018513365.0ns,+1019233196.0ns,719831
h2,h20,2,3,13884,0,+1018888274.0ns,+1019298279.0ns,410005
h8,h22,2,5,3870,0,+1019408412.0ns,+1019820212.0ns,411800
h6,h23,2,2,781124,0,+1019348322.0ns,+1019885834.0ns,537512
h10,h22,2,2,38462,0,+1019528271.0ns,+1019946278.0ns,418007
h2,h21,2,5,25068,0,+1019694791.0ns,+1020112434.0ns,417643
h2,h20,2,4,194499,0,+1019780168.0ns,+1020224046.0ns,443878
h4,h23,2,3,3362737,0,+1019525785.0ns,+1020230871.0ns,705086
h1,h23,2,4,59764,0,+1019810259.0ns,+1020236361.0ns,426102
h10,h21,2,8,6320147,0,+1018824285.0ns,+1020268295.0ns,1444010
h11,h20,2,5,14963,0,+1019896286.0ns,+1020307473.0ns,411187
h15,h22,2,6,66528,0,+1019993976.0ns,+1020410139.0ns,416163
h1,h21,2,1,75061,0,+1020311510.0ns,+1020729636.0ns,418126
h10,h22,2,1,809614,0,+1019505429.0ns,+1020769942.0ns,1264513
h2,h21,2,6,32289,0,+1020382037.0ns,+1020795529.0ns,413492
h7,h23,2,1,41430,0,+1020530346.0ns,+1020944281.0ns,413935
h15,h22,2,7,25093,0,+1020786558.0ns,+1021199448.0ns,412890
h8,h23,2,5,37183,0,+1020912250.0ns,+1021331697.0ns,419447
h3,h22,2,4,132457,0,+1020819065.0ns,+1021342474.0ns,523409
h6,h21,2,5,22156765,0,+1018034767.0ns,+1021363476.0ns,3328709
h9,h20,2,2,52285,0,+1020263589.0ns,+1021494453.0ns,1230864
h9,h21,2,5,829,0,+1020883300.0ns,+1021506759.0ns,623459
h10,h23,2,2,3046,0,+1021087811.0ns,+1021507751.0ns,419940
h8,h22,2,6,1415743,0,+1020909466.0ns,+1021524155.0ns,614689
h5,h22,2,2,3129835,0,+1020662594.0ns,+1021538257.0ns,875663
h10,h22,2,3,147050,0,+1020275466.0ns,+1021550344.0ns,1274878
h8,h20,2,2,28088,0,+1021302098.0ns,+1021713271.0ns,411173
h16,h20,2,2,24013,0,+1021373436.0ns,+1021784273.0ns,410837
h3,h22,2,5,40445,0,+1021795890.0ns,+1022214065.0ns,418175
h8,h21,2,1,28787,0,+1021801634.0ns,+1022216796.0ns,415162
h10,h21,2,9,41840,0,+1021830847.0ns,+1022245483.0ns,414636
h11,h23,2,3,9753493,0,+1019368900.0ns,+1022362829.0ns,2993929
h4,h23,2,4,469982,0,+1021995729.0ns,+1022481688.0ns,485959
h7,h23,2,2,1156193,0,+1022301689.0ns,+1022830704.0ns,529015
h2,h23,2,4,368614,0,+1022215462.0ns,+1022835890.0ns,620428
h15,h20,2,5,47603,0,+1022551488.0ns,+1022964263.0ns,412775
h15,h23,2,3,53327,0,+1022638938.0ns,+1023052184.0ns,413246
h6,h23,2,3,606662,0,+1022666905.0ns,+1023125624.0ns,458719
h13,h20,2,3,101,0,+1022723851.0ns,+1023131950.0ns,408099
h9,h21,2,6,18461,0,+1022803924.0ns,+1023216149.0ns,412225
h10,h23,2,3,36880,0,+1022807636.0ns,+1023219531.0ns,411895
h12,h20,2,1,23941,0,+1022912109.0ns,+1023322941.0ns,410832
h15,h21,2,1,8794952,0,+1021682890.0ns,+1023351675.0ns,1668785
h12,h21,2,5,8350416,0,+1021972772.0ns,+1023573952.0ns,1601180
h5,h22,2,3,499195,0,+1022957844.0ns,+1023613817.0ns,655973
h13,h21,2,4,45729,0,+1023037083.0ns,+1023617577.0ns,580494
h16,h20,2,3,53324,0,+1023225151.0ns,+1023642670.0ns,417519
h6,h23,2,4,145402,0,+1023214616.0ns,+1023646669.0ns,432053
h8,h20,2,3,50523,0,+1023334330.0ns,+1023755776.0ns,421446
h2,h23,2,5,4262701,0,+1023204197.0ns,+1023975331.0ns,771134
h15,h23,2,4,1018296,0,+1023714829.0ns,+1024207737.0ns,492908
h6,h22,2,4,54206,0,+1023897383.0ns,+1024310702.0ns,413319
h10,h23,2,4,3118,0,+1024026953.0ns,+1024436214.0ns,409261
h14,h22,2,5,697567,0,+1024014717.0ns,+1024481405.0ns,466688
h9,h20,2,3,60465,0,+1024172690.0ns,+1024586522.0ns,413832
h4,h23,2,5,25922,0,+1024204547.0ns,+1024615540.0ns,410993
h7,h21,2,2,11537,0,+1024282703.0ns,+1024692514.0ns,409811
h4,h20,2,4,79439,0,+1024363638.0ns,+1024779029.0ns,415391
h16,h21,2,1,70138,0,+1024373343.0ns,+1024787971.0ns,414628
h14,h20,2,3,133837,0,+1024394854.0ns,+1024814717.0ns,419863
h12,h23,2,4,1554847,0,+1024416509.0ns,+1025047639.0ns,631130
h2,h22,2,2,71826,0,+1024888184.0ns,+1025302951.0ns,414767
h2,h23,2,6,4516254,0,+1024449751.0ns,+1025324429.0ns,874678
h12,h20,2,2,32411,0,+1025110238.0ns,+1025521766.0ns,411528
h12,h21,2,6,65436,0,+1025114546.0ns,+1025528789.0ns,414243
h16,h20,2,4,2271375,0,+1025311305.0ns,+1025922306.0ns,611001
h3,h21,2,3,17600,0,+1025597757.0ns,+1026008069.0ns,410312
h5,h22,2,4,5564,0,+1025759851.0ns,+1026169522.0ns,409671
h11,h21,2,1,464710,0,+1025670298.0ns,+1026350458.0ns,680160
h5,h20,2,5,2372447,0,+1025528785.0ns,+1026564364.0ns,1035579
h9,h22,2,5,1255543,0,+1026002833.0ns,+1026618404.0ns,615571
h11,h20,2,6,4250489,0,+1025482469.0ns,+1026814673.0ns,1332204
h14,h23,2,2,33235,0,+1026466250.0ns,+1026880536.0ns,414286
h8,h23,2,6,828120,0,+1026356574.0ns,+1026901504.0ns,544930
h11,h20,2,7,50419,0,+1026269883.0ns,+1027059793.0ns,789910
h16,h22,2,2,157,0,+1026683060.0ns,+1027091192.0ns,408132
h8,h20,2,4,21352,0,+1026511444.0ns,+1027190307.0ns,678863
h14,h22,2,6,6518,0,+1027052526.0ns,+1027462585.0ns,410059
h7,h20,2,6,1173241,0,+1026642862.0ns,+1027573520.0ns,930658
h11,h21,2,2,7926,0,+1027192286.0ns,+1027602763.0ns,410477
h13,h20,2,4,79618,0,+1026967188.0ns,+1027705609.0ns,738421
h2,h22,2,3,594123,0,+1027194409.0ns,+1027741849.0ns,547440
h6,h23,2,5,2681942,0,+1026952120.0ns,+1027795354.0ns,843234
h3,h21,2,4,27998,0,+1027510205.0ns,+1027924274.0ns,414069
h3,h20,2,7,6678,0,+1027544428.0ns,+1028030554.0ns,486126
h8,h20,2,5,49339,0,+1027612606.0ns,+1028235722.0ns,623116
h11,h22,2,2,27471,0,+1027970351.0ns,+1028429207.0ns,458856
h6,h20,2,5,4209614,0,+1027213510.0ns,+1028451376.0ns,1237866
h12,h22,2,2,62225,0,+1028272535.0ns,+1028874574.0ns,602039
h13,h22,2,3,1923415,0,+1028310220.0ns,+1028995879.0ns,685659
h6,h21,2,6,5423,0,+1027809112.0ns,+1029241823.0ns,1432711
h9,h21,2,7,21214320,0,+1026195517.0ns,+1029252481.0ns,3056964
h14,h23,2,3,8894,0,+1028972890.0ns,+1029382486.0ns,409596
h15,h23,2,5,77892,0,+1029078270.0ns,+1029593118.0ns,514848
h15,h20,2,6,3618143,0,+1027586516.0ns,+1029618972.0ns,2032456
h12,h20,2,3,3840797,0,+1028350864.0ns,+1029740293.0ns,1389429
h7,h22,2,2,39410,0,+1029512031.0ns,+1029928694.0ns,416663
h1,h20,2,6,29613572,0,+1025670119.0ns,+1029961203.0ns,4291084
h1,h23,2,5,606265,0,+1029446240.0ns,+1030039346.0ns,593106
h9,h21,2,8,27840,0,+1029706956.0ns,+1030122557.0ns,415601
h15,h22,2,8,15676791,0,+1027510741.0ns,+1030359493.0ns,2848752
h3,h21,2,5,4155915,0,+1029629969.0ns,+1030555320.0ns,925351
h16,h23,2,2,1238,0,+1030289688.0ns,+1030698537.0ns,408849
h3,h22,2,6,2710,0,+1030480447.0ns,+1030889533.0ns,409086
h12,h21,2,7,128609,0,+1030572906.0ns,+1031002857.0ns,429951
h12,h20,2,4,847974,0,+1030556594.0ns,+1031045716.0ns,489122
h14,h22,2,7,2800,0,+1030917345.0ns,+1031587273.0ns,669928
h9,h20,2,4,1013248,0,+1031116179.0ns,+1031704264.0ns,588085
h2,h22,2,4,1491348,0,+1030944851.0ns,+1031782188.0ns,837337
h15,h20,2,7,1123576,0,+1031352703.0ns,+1031921276.0ns,568573
h9,h21,2,9,44489,0,+1031519642.0ns,+1031935739.0ns,416097
h9,h22,2,6,642894,0,+1031192981.0ns,+1032033396.0ns,840415
h14,h21,2,3,93592,0,+1031670982.0ns,+1032162712.0ns,491730
h12,h22,2,3,5703655,0,+1030871755.0ns,+1032165842.0ns,1294087
h7,h20,2,7,5193582,0,+1031377601.0ns,+1032288464.0ns,910863
h7,h22,2,3,20784,0,+1032001554.0ns,+1032429710.0ns,428156
h16,h21,2,2,8321611,0,+1030714985.0ns,+1032500433.0ns,1785448
h13,h22,2,4,7745628,0,+1030834363.0ns,+1032588522.0ns,1754159
h16,h22,2,3,521129,0,+1031455299.0ns,+1032615642.0ns,1160343
h3,h22,2,7,177929,0,+1032095158.0ns,+1032630853.0ns,535695
h4,h23,2,6,593,0,+1032265810.0ns,+1032674230.0ns,408420
h14,h21,2,4,10204,0,+1032304921.0ns,+1032714625.0ns,409704
h4,h22,2,2,36681,0,+1032356090.0ns,+1032767969.0ns,411879
h16,h23,2,3,1184994,0,+1032371950.0ns,+1032878200.0ns,506250
h11,h21,2,3,37651,0,+1032496798.0ns,+1032911823.0ns,415025
h11,h20,2,8,1896231,0,+1032362638.0ns,+1032930455.0ns,567817
h3,h20,2,8,364304,0,+1032595390.0ns,+1033034193.0ns,438803
h14,h22,2,8,2746,0,+1032666240.0ns,+1033075329.0ns,409089
h2,h21,2,7,12772,0,+1032713601.0ns,+1033123514.0ns,409913
h14,h22,2,9,28953,0,+1032857342.0ns,+1033268584.0ns,411242
h6,h23,2,6,48958,0,+1032897636.0ns,+1033314463.0ns,416827
h8,h22,2,7,111687,0,+1032957403.0ns,+1033375473.0ns,418070
h9,h22,2,7,29340,0,+1032971046.0ns,+1033384622.0ns,413576
h7,h20,2,8,23970,0,+1033188406.0ns,+1033600192.0ns,411786
h12,h23,2,5,68014,0,+1033185585.0ns,+1033607970.0ns,422385
h11,h20,2,9,3217,0,+1033223777.0ns,+1033641093.0ns,417316
h16,h23,2,4,15917,0,+1033314043.0ns,+1033725464.0ns,411421
h3,h23,2,2,78396,0,+1033573162.0ns,+1033988470.0ns,415308
h13,h22,2,5,4724,0,+1033679792.0ns,+1034089072.0ns,409280
h1,h22,2,5,50731,0,+1033699377.0ns,+1034112412.0ns,413035
h4,h20,2,5,35704,0,+1033707464.0ns,+1034128835.0ns,421371
h8,h23,2,7,53397,0,+1033725984.0ns,+1034139235.0ns,413251
h11,h20,2,10,6626,0,+1033879797.0ns,+1034290388.0ns,410591
h5,h23,2,4,67077,0,+1034066893.0ns,+1034492037.0ns,425144
h5,h22,2,5,38730,0,+1034228380.0ns,+1034649716.0ns,421336
h5,h21,2,3,68250,0,+1034242767.0ns,+1034763309.0ns,520542
h7,h21,2,3,996762,0,+1034318587.0ns,+1034891139.0ns,572552
h4,h23,2,7,56123,0,+1034567046.0ns,+1034985165.0ns,418119
h9,h20,2,5,3225449,0,+1034161476.0ns,+1035097235.0ns,935759
h5,h20,2,6,17942713,0,+1032769877.0ns,+1035258051.0ns,2488174
h5,h23,2,3,5618396,0,+1033942585.0ns,+1035404913.0ns,1462328
h5,h20,2,7,30380,0,+1035156452.0ns,+1035567811.0ns,411359
h7,h22,2,4,14152971,0,+1034203398.0ns,+1035942946.0ns,1739548
h12,h20,2,5,1347509,0,+1035380775.0ns,+1036024513.0ns,643738
h7,h21,2,4,413936,0,+1035654540.0ns,+1036131333.0ns,476793
h16,h20,2,5,45114,0,+1035736417.0ns,+1036152701.0ns,416284
h1,h20,2,7,4831993,0,+1035498216.0ns,+1036580013.0ns,1081797
h14,h20,2,4,511028,0,+1036212117.0ns,+1036704847.0ns,492730
h11,h20,2,11,4388,0,+1036290852.0ns,+1036742366.0ns,451514
h5,h23,2,5,5644,0,+1036380593.0ns,+1036790669.0ns,410076
h4,h21,2,3,6406346,0,+1035653472.0ns,+1036864696.0ns,1211224
h7,h23,2,3,4077,0,+1036613530.0ns,+1037023063.0ns,409533
h4,h23,2,8,523,0,+1036657367.0ns,+1037065973.0ns,408606
h9,h21,2,10,48761,0,+1036690973.0ns,+1037107786.0ns,416813
h7,h22,2,5,1498695,0,+1036493080.0ns,+1037184218.0ns,691138
h11,h23,2,4,13040347,0,+1035738973.0ns,+1037385063.0ns,1646090
h12,h23,2,6,77462,0,+1036985623.0ns,+1037400853.0ns,415230
h2,h20,2,5,61202,0,+1037081878.0ns,+1037495773.0ns,413895
h5,h22,2,6,70450,0,+1037191000.0ns,+1037605653.0ns,414653
h11,h21,2,4,174094,0,+1037320820.0ns,+1037743992.0ns,423172
h5,h22,2,7,834420,0,+1037422079.0ns,+1037899518.0ns,477439
h1,h21,2,2,55316,0,+1037574089.0ns,+1037987500.0ns,413411
h10,h23,2,5,43666,0,+1037631349.0ns,+1038043803.0ns,412454
h3,h22,2,8,26091,0,+1037676684.0ns,+1038089792.0ns,413108
h3,h20,2,9,57204,0,+1037965523.0ns,+1038381404.0ns,415881
h1,h23,2,6,4257,0,+1038096544.0ns,+1038505999.0ns,409455
h5,h20,2,8,1771001,0,+1037845966.0ns,+1038545834.0ns,699868
h12,h20,2,6,41704,0,+1038082231.0ns,+1038643390.0ns,561159
h5,h20,2,9,1020041,0,+1038248651.0ns,+1038825049.0ns,576398
h1,h23,2,7,61910,0,+1038396062.0ns,+1038970891.0ns,574829
h15,h21,2,2,7927,0,+1038677073.0ns,+1039087178.0ns,410105
h13,h23,2,3,5215050,0,+1038283002.0ns,+1039187463.0ns,904461
h14,h21,2,5,2806,0,+1038952002.0ns,+1039361347.0ns,409345
h11,h21,2,5,3907368,0,+1038247032.0ns,+1039415318.0ns,1168286
h13,h22,2,6,815367,0,+1038576224.0ns,+1039502694.0ns,926470
h3,h20,2,10,49590,0,+1038832312.0ns,+1039697729.0ns,865417
h4,h21,2,4,20723,0,+1038867253.0ns,+1039711537.0ns,844284
h1,h21,2,4,21589,0,+1039346548.0ns,+1039762340.0ns,415792
h12,h23,2,7,9756,0,+1039525193.0ns,+1039935215.0ns,410022
h14,h23,2,4,19594,0,+1039662580.0ns,+1040200108.0ns,537528
h6,h22,2,5,45606,0,+1039723119.0ns,+1040228762.0ns,505643
h2,h20,2,6,8425810,0,+1039144246.0ns,+1040250238.0ns,1105992
h1,h21,2,3,22306038,0,+1037652602.0ns,+1040447214.0ns,2794612
h3,h20,2,11,10266,0,+1040080841.0ns,+1040491289.0ns,410448
h14,h21,2,6,108099,0,+1040074440.0ns,+1040493034.0ns,418594
h8,h23,2,8,9893,0,+1040427609.0ns,+1040838857.0ns,411248
h14,h23,2,5,51363,0,+1040525095.0ns,+1040943754.0ns,418659
h13,h23,2,4,72016,0,+1040655669.0ns,+1041131982.0ns,476313
h14,h23,2,6,839435,0,+1040591012.0ns,+1041182168.0ns,591156
h14,h21,2,7,34492,0,+1040884159.0ns,+1041309033.0ns,424874
h9,h21,2,11,72717,0,+1040949758.0ns,+1041369031.0ns,419273
h6,h22,2,6,760545,0,+1041440795.0ns,+1041950723.0ns,509928
h12,h22,2,4,20199,0,+1041549248.0ns,+1041976422.0ns,427174
h6,h22,2,7,278164,0,+1041566128.0ns,+1042022669.0ns,456541
h12,h20,2,7,21877,0,+1041710682.0ns,+1042121826.0ns,411144
h12,h21,2,8,38044,0,+1041784085.0ns,+1042198452.0ns,414367
h1,h22,2,6,4329697,0,+1040606838.0ns,+1042230446.0ns,1623608
h1,h20,2,8,72764,0,+1041148780.0ns,+1042461210.0ns,1312430
h3,h23,2,3,6217619,0,+1040839904.0ns,+1042747249.0ns,1907345
h14,h22,2,10,2364,0,+1042480494.0ns,+1042889629.0ns,409135
h15,h23,2,6,9891,0,+1042511958.0ns,+1043011529.0ns,499571
h7,h23,2,4,22459925,0,+1040249610.0ns,+1043140287.0ns,2890677
h15,h20,2,8,25688,0,+1042831711.0ns,+1043523834.0ns,692123
h12,h23,2,8,2543551,0,+1042353391.0ns,+1043732914.0ns,1379523
h10,h20,2,3,1841665,0,+1043026611.0ns,+1043748042.0ns,721431
h15,h20,2,9,3269999,0,+1043125828.0ns,+1043888737.0ns,762909
h2,h21,2,8,18659473,0,+1040403787.0ns,+1043891399.0ns,3487612
h14,h20,2,5,170768,0,+1043213119.0ns,+1043902772.0ns,689653
h13,h20,2,5,4423,0,+1043454358.0ns,+1043903139.0ns,448781
h12,h21,2,9,4970241,0,+1042325276.0ns,+1043930253.0ns,1604977
h9,h21,2,12,1181316,0,+1043261205.0ns,+1043935112.0ns,673907
h8,h22,2,8,5642,0,+1043538705.0ns,+1043949139.0ns,410434
h4,h21,2,5,2211661,0,+1043411378.0ns,+1044116874.0ns,705496
h12,h22,2,5,9469033,0,+1042249561.0ns,+1044249187.0ns,1999626
h1,h23,2,8,2627,0,+1044152095.0ns,+1044561174.0ns,409079
h3,h22,2,9,22509,0,+1044211791.0ns,+1044624583.0ns,412792
h16,h20,2,6,4066859,0,+1043880788.0ns,+1044626323.0ns,745535
h14,h21,2,8,2708,0,+1044496687.0ns,+1044905772.0ns,409085
h2,h21,2,9,1019,0,+1044588754.0ns,+1044997455.0ns,408701
h4,h23,2,9,3318640,0,+1044685490.0ns,+1045367086.0ns,681596
h10,h22,2,4,36118,0,+1044974893.0ns,+1045386724.0ns,411831
h13,h23,2,5,12138,0,+1045011397.0ns,+1045421259.0ns,409862
h4,h20,2,6,9921,0,+1045106783.0ns,+1045516461.0ns,409678
h6,h20,2,6,648669,0,+1045274765.0ns,+1045736937.0ns,462172
h5,h23,2,6,74230,0,+1045684890.0ns,+1046105830.0ns,420940
h12,h21,2,10,5077891,0,+1045744146.0ns,+1046570322.0ns,826176
h7,h22,2,6,73637,0,+1046246173.0ns,+1046661088.0ns,414915
h10,h23,2,6,155209,0,+1046374218.0ns,+1046795838.0ns,421620
h8,h20,2,6,9899876,0,+1045610421.0ns,+1046839621.0ns,1229200
h11,h23,2,5,828570,0,+1046428282.0ns,+1046925352.0ns,497070
h6,h21,2,7,1578463,0,+1046476624.0ns,+1047165276.0ns,688652
h6,h23,2,7,2153299,0,+1046476185.0ns,+1047212190.0ns,736005
h6,h22,2,8,20610,0,+1046843251.0ns,+1047254185.0ns,410934
h1,h22,2,7,89285,0,+1046864641.0ns,+1047294754.0ns,430113
h16,h22,2,4,197624,0,+1046865791.0ns,+1047297669.0ns,431878
h13,h20,2,6,1469653,0,+1046677620.0ns,+1047328019.0ns,650399
h13,h23,2,6,68972,0,+1047213621.0ns,+1047633725.0ns,420104
h14,h20,2,6,2770898,0,+1047005112.0ns,+1047762004.0ns,756892
h12,h22,2,7,47713,0,+1047472935.0ns,+1047889491.0ns,416556
h9,h23,2,3,176665,0,+1047484204.0ns,+1048057646.0ns,573442
h1,h21,2,5,5412908,0,+1046740751.0ns,+1048182231.0ns,1441480
h16,h23,2,5,3539498,0,+1047524170.0ns,+1048238458.0ns,714288
h14,h21,2,9,16,0,+1047962266.0ns,+1048383704.0ns,421438
h5,h21,2,4,16393,0,+1047977579.0ns,+1048388585.0ns,411006
h5,h20,2,11,655876,0,+1047873301.0ns,+1048433911.0ns,560610
h14,h21,2,10,74659,0,+1048029064.0ns,+1048444064.0ns,415000
h12,h22,2,6,1910402,0,+1047355601.0ns,+1048509525.0ns,1153924
h16,h22,2,5,25445,0,+1048141858.0ns,+1048554815.0ns,412957
h9,h23,2,4,1980594,0,+1047732791.0ns,+1048821093.0ns,1088302
h4,h22,2,3,4374,0,+1048295563.0ns,+1049037887.0ns,742324
h8,h23,2,9,30560,0,+1048767790.0ns,+1049181586.0ns,413796
h2,h23,2,7,51863,0,+1048900429.0ns,+1049317701.0ns,417272
h11,h20,2,12,3796502,0,+1048381351.0ns,+1049616418.0ns,1235067
h14,h23,2,7,4150,0,+1049264707.0ns,+1049673939.0ns,409232
h10,h22,2,5,28708,0,+1049382288.0ns,+1049793529.0ns,411241
h12,h21,2,11,8488,0,+1049342789.0ns,+1049919197.0ns,576408
h15,h20,2,10,3701,0,+1049503353.0ns,+1049955279.0ns,451926
h10,h20,2,4,527878,0,+1049294353.0ns,+1049958441.0ns,664088
h15,h23,2,7,2898220,0,+1049443110.0ns,+1050090477.0ns,647367
h10,h23,2,7,2395,0,+1049681878.0ns,+1050090938.0ns,409060
h2,h23,2,8,71191,0,+1049867065.0ns,+1050281781.0ns,414716
h8,h20,2,7,8067644,0,+1048468187.0ns,+1050748315.0ns,2280128
h14,h20,2,7,1171887,0,+1050157063.0ns,+1050810354.0ns,653291
h5,h21,2,5,2301126,0,+1048965184.0ns,+1050823887.0ns,1858703
h11,h21,2,6,10274,0,+1050424737.0ns,+1050834447.0ns,409710
h7,h23,2,5,54122,0,+1049725141.0ns,+1050849566.0ns,1124425
h13,h23,2,7,788350,0,+1050245369.0ns,+1050914714.0ns,669345
h7,h20,2,9,3899755,0,+1049928225.0ns,+1051050115.0ns,1121890
h4,h21,2,6,294166,0,+1050600914.0ns,+1051062352.0ns,461438
h5,h22,2,8,47336,0,+1050692240.0ns,+1051137287.0ns,445047
h5,h20,2,10,23688375,0,+1046582868.0ns,+1051249844.0ns,4666976
h12,h20,2,8,52570,0,+1050504718.0ns,+1051258570.0ns,753852
h7,h20,2,10,3135,0,+1050705214.0ns,+1051368073.0ns,662859
h9,h22,2,8,66359,0,+1050966566.0ns,+1051383598.0ns,417032
h14,h21,2,11,10273,0,+1051039716.0ns,+1051449748.0ns,410032
h9,h23,2,5,2164,0,+1051208895.0ns,+1051617937.0ns,409042
h15,h23,2,8,339203,0,+1051257071.0ns,+1051693812.0ns,436741
h10,h23,2,8,112817,0,+1051496553.0ns,+1051919308.0ns,422755
h2,h20,2,7,439730,0,+1051321137.0ns,+1052002854.0ns,681717
h7,h20,2,11,7019,0,+1051457774.0ns,+1052029136.0ns,571362
h2,h22,2,5,39333,0,+1051569281.0ns,+1052049885.0ns,480604
h16,h21,2,3,70843,0,+1051774546.0ns,+1052189258.0ns,414712
h11,h20,2,13,46682,0,+1051654959.0ns,+1052245579.0ns,590620
h4,h22,2,4,1764198,0,+1051750120.0ns,+1052304684.0ns,554564
h12,h22,2,8,280957,0,+1052224027.0ns,+1052886207.0ns,662180
h3,h21,2,6,458501,0,+1052717656.0ns,+1053164200.0ns,446544
h1,h23,2,9,4438298,0,+1052091984.0ns,+1053213594.0ns,1121610
h5,h20,2,12,65505,0,+1052518526.0ns,+1053263486.0ns,744960
h5,h20,2,13,37573,0,+1052901196.0ns,+1053316198.0ns,415002
h13,h23,2,8,8288,0,+1052979691.0ns,+1053389235.0ns,409544
h6,h20,2,7,21137282,0,+1050430543.0ns,+1053456093.0ns,3025550
h9,h23,2,6,860236,0,+1052984871.0ns,+1053524418.0ns,539547
h14,h22,2,11,376299,0,+1053134050.0ns,+1053573838.0ns,439788
h1,h23,2,10,8473,0,+1053570927.0ns,+1053981071.0ns,410144
h1,h21,2,6,1885664,0,+1053427951.0ns,+1053992481.0ns,564530
h9,h23,2,7,848051,0,+1054094368.0ns,+1054642521.0ns,548153
h4,h20,2,7,1993412,0,+1053835717.0ns,+1055025225.0ns,1189508
h15,h20,2,11,4176041,0,+1054093355.0ns,+1055047006.0ns,953651
h10,h20,2,5,77463,0,+1054428311.0ns,+1055087289.0ns,658978
h1,h22,2,8,5841665,0,+1053654286.0ns,+1055107054.0ns,1452768
h10,h21,2,10,17825,0,+1054872451.0ns,+1055317009.0ns,444558
h5,h20,2,14,6206243,0,+1053974546.0ns,+1055381681.0ns,1407135
h16,h21,2,4,1854891,0,+1054808345.0ns,+1055447282.0ns,638937
h12,h23,2,9,60287,0,+1055033935.0ns,+1055447753.0ns,413818
h6,h22,2,9,2307525,0,+1054320253.0ns,+1055487930.0ns,1167677
h16,h20,2,7,1821141,0,+1054987479.0ns,+1055632289.0ns,644810
h4,h22,2,5,1566162,0,+1055051121.0ns,+1055675084.0ns,623963
h11,h20,2,14,62800,0,+1055414983.0ns,+1055829009.0ns,414026
h13,h23,2,9,5022,0,+1055559098.0ns,+1055968375.0ns,409277
h3,h21,2,7,1895587,0,+1055499069.0ns,+1056063962.0ns,564893
h13,h23,2,10,2976,0,+1055778890.0ns,+1056188000.0ns,409110
h7,h20,2,12,69884,0,+1055889608.0ns,+1056309925.0ns,420317
h3,h23,2,4,151651,0,+1056164023.0ns,+1056664033.0ns,500010
h2,h21,2,10,21597,0,+1056300623.0ns,+1056712922.0ns,412299
h2,h20,2,8,732089,0,+1056109905.0ns,+1056716858.0ns,606953
h14,h23,2,8,5076528,0,+1055978920.0ns,+1056883318.0ns,904398
h11,h20,2,15,6231,0,+1056409641.0ns,+1056885520.0ns,475879
h11,h23,2,6,2581826,0,+1056466558.0ns,+1057116208.0ns,649650
h6,h20,2,8,7449255,0,+1055868423.0ns,+1057345042.0ns,1476619
h9,h23,2,8,54641,0,+1057079492.0ns,+1057505665.0ns,426173
h13,h20,2,7,988019,0,+1056847935.0ns,+1057525250.0ns,677315
h8,h23,2,10,4663162,0,+1056654027.0ns,+1057600679.0ns,946652
h4,h22,2,6,31062,0,+1057239683.0ns,+1057651100.0ns,411417
h13,h23,2,11,1793957,0,+1056792085.0ns,+1057675990.0ns,883905
h9,h20,2,6,8198803,0,+1056098850.0ns,+1057711983.0ns,1613133
h6,h22,2,10,7562,0,+1057392102.0ns,+1057801588.0ns,409486
h6,h20,2,9,55993,0,+1057541403.0ns,+1057954868.0ns,413465
h11,h22,2,3,141736,0,+1057546951.0ns,+1057967462.0ns,420511
h12,h22,2,9,53609,0,+1057792715.0ns,+1058208243.0ns,415528
h12,h20,2,9,6614,0,+1057810994.0ns,+1058222206.0ns,411212
h10,h22,2,6,1738187,0,+1057996396.0ns,+1058623955.0ns,627559
h5,h22,2,9,1342793,0,+1058197193.0ns,+1058774602.0ns,577409
h5,h21,2,6,2046,0,+1058330674.0ns,+1058788337.0ns,457663
h11,h20,2,16,60781,0,+1058359445.0ns,+1058792020.0ns,432575
h1,h22,2,9,2008,0,+1058623751.0ns,+1059032828.0ns,409077
h6,h21,2,8,891344,0,+1058509314.0ns,+1059144185.0ns,634871
h6,h20,2,10,6634327,0,+1057674515.0ns,+1059218039.0ns,1543524
h11,h20,2,17,5235,0,+1058798211.0ns,+1059260954.0ns,462743
h3,h21,2,8,4688,0,+1058877232.0ns,+1059286954.0ns,409722
h6,h20,2,12,1958,0,+1058927589.0ns,+1059336709.0ns,409120
h16,h22,2,6,39575,0,+1058996228.0ns,+1059410844.0ns,414616
h11,h21,2,7,1225427,0,+1058785050.0ns,+1059460343.0ns,675293
h6,h20,2,11,7553912,0,+1057728942.0ns,+1059486746.0ns,1757804
h8,h22,2,9,664,0,+1059010819.0ns,+1059648120.0ns,637301
h3,h20,2,12,41850,0,+1058922790.0ns,+1059779904.0ns,857114
h11,h20,2,18,20479,0,+1059639061.0ns,+1060051006.0ns,411945
h16,h21,2,5,2570200,0,+1059374097.0ns,+1060207789.0ns,833692
h15,h21,2,3,4701,0,+1059380412.0ns,+1060349193.0ns,968781
h2,h20,2,9,6377310,0,+1058719754.0ns,+1060377333.0ns,1657579
h15,h23,2,9,20797,0,+1059634942.0ns,+1060440342.0ns,805400
h8,h23,2,11,790073,0,+1059999243.0ns,+1060537869.0ns,538626
h8,h21,2,2,9445891,0,+1058770856.0ns,+1060716716.0ns,1945860
h4,h21,2,7,4803052,0,+1059579921.0ns,+1060843220.0ns,1263299
h3,h21,2,9,478,0,+1060617585.0ns,+1061025947.0ns,408362
h8,h20,2,9,43826,0,+1060631181.0ns,+1061050662.0ns,419481
h1,h21,2,7,1643,0,+1060668342.0ns,+1061077434.0ns,409092
h7,h22,2,7,8212,0,+1060566842.0ns,+1061199815.0ns,632973
h11,h22,2,4,238785,0,+1060809570.0ns,+1061249203.0ns,439633
h8,h20,2,8,12882341,0,+1059228442.0ns,+1061306590.0ns,2078148
h8,h23,2,12,17398,0,+1061002447.0ns,+1061412742.0ns,410295
h11,h22,2,5,7492,0,+1061007129.0ns,+1061417224.0ns,410095
h10,h22,2,7,38889,0,+1061116429.0ns,+1061531567.0ns,415138
h15,h22,2,9,7733019,0,+1060455964.0ns,+1061822225.0ns,1366261
h13,h21,2,5,8677,0,+1061441930.0ns,+1061852205.0ns,410275
h14,h22,2,12,3775268,0,+1060989547.0ns,+1062120469.0ns,1130922
h8,h22,2,10,9226537,0,+1061312900.0ns,+1062790906.0ns,1478006
h5,h20,2,15,42447,0,+1062417597.0ns,+1062833340.0ns,415743
h3,h22,2,10,66931,0,+1062461846.0ns,+1062876211.0ns,414365
h6,h21,2,9,29263,0,+1062505683.0ns,+1062916953.0ns,411270
h14,h21,2,13,16809,0,+1062701066.0ns,+1063126149.0ns,425083
h14,h21,2,12,487325,0,+1062663166.0ns,+1063154538.0ns,491372
h13,h21,2,7,6838,0,+1062901558.0ns,+1063312397.0ns,410839
h14,h21,2,14,167170,0,+1062987924.0ns,+1063445145.0ns,457221
h9,h21,2,13,11280,0,+1063060325.0ns,+1063470679.0ns,410354
h13,h20,2,8,9751375,0,+1062134897.0ns,+1063795782.0ns,1660885
h6,h23,2,8,2131708,0,+1063499316.0ns,+1064328414.0ns,829098
h14,h23,2,9,7651917,0,+1062576719.0ns,+1064337791.0ns,1761072
h13,h21,2,8,24283,0,+1063896596.0ns,+1064373768.0ns,477172
h3,h22,2,11,4930259,0,+1063089730.0ns,+1064444942.0ns,1355212
h13,h21,2,6,9153421,0,+1062642666.0ns,+1064463309.0ns,1820643
h2,h20,2,10,33178,0,+1063803051.0ns,+1064464501.0ns,661450
h8,h23,2,13,29105,0,+1064291175.0ns,+1064702432.0ns,411257
h14,h20,2,8,3083,0,+1064448621.0ns,+1064857740.0ns,409119
h3,h20,2,13,54565,0,+1064371094.0ns,+1064915643.0ns,544549
h3,h21,2,10,8815,0,+1064479880.0ns,+1064943062.0ns,463182
h2,h22,2,6,5194,0,+1064805525.0ns,+1065215155.0ns,409630
h13,h23,2,12,4880,0,+1064970707.0ns,+1065379973.0ns,409266
h2,h20,2,11,1548584,0,+1063964311.0ns,+1065389289.0ns,1424978
h3,h22,2,12,8262742,0,+1063369885.0ns,+1065554687.0ns,2184802
h12,h23,2,10,1369,0,+1064495692.0ns,+1065635113.0ns,1139421
h6,h22,2,11,9485,0,+1065348851.0ns,+1065759190.0ns,410339
h13,h20,2,9,55120,0,+1065387145.0ns,+1065800540.0ns,413395
h5,h21,2,7,54668,0,+1064983868.0ns,+1065863220.0ns,879352
h3,h23,2,5,5637,0,+1065465477.0ns,+1065874823.0ns,409346
h2,h20,2,12,43851,0,+1065511289.0ns,+1065927248.0ns,415959
h15,h22,2,10,60341,0,+1065505996.0ns,+1065928751.0ns,422755
h14,h21,2,15,495728,0,+1065407481.0ns,+1065938354.0ns,530873
h11,h23,2,7,115618,0,+1065168166.0ns,+1065951586.0ns,783420
h5,h23,2,7,3857,0,+1065617560.0ns,+1066026741.0ns,409181
h16,h22,2,7,1408788,0,+1065212198.0ns,+1066172537.0ns,960339
h4,h20,2,8,51990,0,+1065780185.0ns,+1066195354.0ns,415169
h7,h23,2,6,34134,0,+1066359743.0ns,+1066773251.0ns,413508
h10,h21,2,11,20399,0,+1066433320.0ns,+1066844338.0ns,411018
h11,h22,2,6,1281805,0,+1066330089.0ns,+1066879401.0ns,549312
h9,h22,2,9,29331,0,+1066454072.0ns,+1066888835.0ns,434763
h13,h22,2,7,66358,0,+1066499260.0ns,+1066915367.0ns,416107
h13,h23,2,13,53975,0,+1065979109.0ns,+1066983252.0ns,1004143
h10,h20,2,6,1965170,0,+1066714079.0ns,+1067299414.0ns,585335
h14,h21,2,16,60653,0,+1066912766.0ns,+1067360911.0ns,448145
h12,h22,2,10,905602,0,+1066873402.0ns,+1067410276.0ns,536874
h14,h22,2,13,25301192,0,+1062849145.0ns,+1067515544.0ns,4666399
h4,h21,2,8,27697,0,+1066811744.0ns,+1067518537.0ns,706793
h4,h20,2,9,128311,0,+1066815111.0ns,+1067534320.0ns,719209
h9,h23,2,9,8495137,0,+1065525363.0ns,+1067609408.0ns,2084045
h14,h20,2,9,1956571,0,+1066898516.0ns,+1067639191.0ns,740675
h10,h23,2,9,49755,0,+1067129714.0ns,+1067658006.0ns,528292
h2,h23,2,9,8590594,0,+1066589855.0ns,+1067967256.0ns,1377401
h14,h21,2,17,57319,0,+1067560065.0ns,+1067973639.0ns,413574
h3,h23,2,6,62333,0,+1067592710.0ns,+1068012009.0ns,419299
h11,h23,2,8,1676407,0,+1067432816.0ns,+1068080999.0ns,648183
h9,h23,2,10,24795,0,+1067587067.0ns,+1068083040.0ns,495973
h9,h21,2,14,9504,0,+1067897126.0ns,+1068307528.0ns,410402
h6,h23,2,9,64408,0,+1068255097.0ns,+1068675109.0ns,420012
h13,h21,2,9,69220,0,+1068350492.0ns,+1068770644.0ns,420152
h5,h22,2,10,498428,0,+1068281580.0ns,+1068772271.0ns,490691
h15,h22,2,11,20363,0,+1068404545.0ns,+1068815084.0ns,410539
h2,h21,2,11,7650331,0,+1067795067.0ns,+1068879627.0ns,1084560
h12,h23,2,11,122,0,+1068633501.0ns,+1069041608.0ns,408107
h5,h20,2,16,991933,0,+1068764267.0ns,+1069254652.0ns,490385
h2,h23,2,10,349884,0,+1068958880.0ns,+1069396498.0ns,437618
h14,h21,2,18,518,0,+1068998273.0ns,+1069406644.0ns,408371
h5,h22,2,11,29856,0,+1068999331.0ns,+1069410648.0ns,411317
h4,h23,2,10,431363,0,+1069006638.0ns,+1069450951.0ns,444313
h14,h23,2,10,106071,0,+1069073827.0ns,+1069500052.0ns,426225
h15,h20,2,12,1686342,0,+1069004398.0ns,+1069560577.0ns,556179
h11,h20,2,19,11244,0,+1069242339.0ns,+1069652126.0ns,409787
h11,h21,2,8,1062940,0,+1069438782.0ns,+1069935002.0ns,496220
h5,h22,2,12,66484,0,+1069540521.0ns,+1069954848.0ns,414327
h10,h21,2,12,23236,0,+1069801555.0ns,+1070212330.0ns,410775
h1,h20,2,9,825429,0,+1069712834.0ns,+1070249392.0ns,536558
h3,h23,2,8,28008,0,+1069894948.0ns,+1070325077.0ns,430129
h11,h23,2,9,8055,0,+1069970256.0ns,+1070380081.0ns,409825
h8,h22,2,11,1600898,0,+1069720803.0ns,+1070396055.0ns,675252
h3,h23,2,7,1619950,0,+1069829064.0ns,+1070448481.0ns,619417
h5,h23,2,8,2703,0,+1070148781.0ns,+1070557962.0ns,409181
h14,h21,2,19,4511540,0,+1069994835.0ns,+1070774485.0ns,779650
h15,h22,2,12,25657,0,+1070367489.0ns,+1070778461.0ns,410972
h4,h20,2,10,79100,0,+1070597153.0ns,+1071018970.0ns,421817
h9,h20,2,8,168484,0,+1070632336.0ns,+1071075540.0ns,443204
h5,h22,2,13,49246,0,+1070671578.0ns,+1071088455.0ns,416877
h16,h20,2,8,6802,0,+1070690230.0ns,+1071106921.0ns,416691
h11,h20,2,20,25260,0,+1070728407.0ns,+1071143985.0ns,415578
h6,h22,2,12,28339,0,+1070860743.0ns,+1071278771.0ns,418028
h4,h23,2,11,1552228,0,+1070923146.0ns,+1071539646.0ns,616500
h5,h23,2,9,192131,0,+1071295945.0ns,+1071752144.0ns,456199
h14,h20,2,10,2363,0,+1071373723.0ns,+1071783094.0ns,409371
h10,h22,2,8,31120,0,+1071453264.0ns,+1071885289.0ns,432025
h13,h23,2,14,5626737,0,+1070970691.0ns,+1071937888.0ns,967197
h7,h22,2,8,1922364,0,+1071409131.0ns,+1071979372.0ns,570241
h9,h20,2,7,19343424,0,+1069966614.0ns,+1071998751.0ns,2032137
h9,h22,2,10,37978,0,+1071610447.0ns,+1072022433.0ns,411986
h13,h21,2,10,80317,0,+1071936287.0ns,+1072351752.0ns,415465
h16,h20,2,9,24904,0,+1072029337.0ns,+1072440249.0ns,410912
h1,h20,2,10,12710,0,+1072281821.0ns,+1072692730.0ns,410909
h11,h22,2,7,53422,0,+1072285915.0ns,+1072704448.0ns,418533
h4,h22,2,7,28969,0,+1072306664.0ns,+1072721282.0ns,414618
h14,h22,2,14,77654,0,+1072316562.0ns,+1072738018.0ns,421456
h9,h20,2,10,155397,0,+1072553307.0ns,+1073000216.0ns,446909
h14,h21,2,20,417117,0,+1072590873.0ns,+1073034018.0ns,443145
h6,h21,2,10,82358,0,+1072661528.0ns,+1073083816.0ns,422288
h3,h20,2,14,52493,0,+1072763194.0ns,+1073195171.0ns,431977
h9,h20,2,9,6427006,0,+1072241410.0ns,+1073210112.0ns,968702
h13,h23,2,15,476752,0,+1072784890.0ns,+1073232935.0ns,448045
h2,h22,2,7,50787,0,+1072886517.0ns,+1073299556.0ns,413039
h14,h21,2,21,29225,0,+1073388626.0ns,+1073801066.0ns,412440
h5,h22,2,14,1785502,0,+1073133592.0ns,+1073807004.0ns,673412
h11,h21,2,9,1881774,0,+1073162697.0ns,+1073844082.0ns,681385
h14,h20,2,11,44360,0,+1073502000.0ns,+1073914509.0ns,412509
h3,h23,2,9,430487,0,+1073742169.0ns,+1074186412.0ns,444243
h6,h23,2,10,11413,0,+1073829595.0ns,+1074239396.0ns,409801
h16,h22,2,8,46285,0,+1073838322.0ns,+1074254784.0ns,416462
h16,h23,2,6,184678,0,+1073885559.0ns,+1074309623.0ns,424064
h5,h22,2,15,976255,0,+1073832836.0ns,+1074325736.0ns,492900
h6,h22,2,13,9302,0,+1073927850.0ns,+1074337479.0ns,409629
h4,h21,2,10,40811,0,+1073957412.0ns,+1074372979.0ns,415567
h13,h20,2,10,66768,0,+1073967029.0ns,+1074386799.0ns,419770
h4,h21,2,9,746067,0,+1073938864.0ns,+1074418246.0ns,479382
h8,h20,2,10,53486,0,+1074091415.0ns,+1074507857.0ns,416442
h13,h23,2,16,67703,0,+1074092553.0ns,+1074510238.0ns,417685
h7,h23,2,7,33648,0,+1074160929.0ns,+1074575278.0ns,414349
h14,h23,2,11,957565,0,+1074153533.0ns,+1074643861.0ns,490328
h10,h22,2,9,4014,0,+1074297954.0ns,+1074707285.0ns,409331
h10,h21,2,13,616435,0,+1074286192.0ns,+1074746046.0ns,459854
h10,h22,2,10,30037,0,+1074374708.0ns,+1074786040.0ns,411332
h9,h23,2,11,3493,0,+1074567377.0ns,+1074976801.0ns,409424
h1,h23,2,11,1452096,0,+1074461502.0ns,+1074989991.0ns,528489
h15,h21,2,4,369137,0,+1074977285.0ns,+1075416484.0ns,439199
h16,h23,2,7,1703,0,+1075049696.0ns,+1075458701.0ns,409005
h2,h23,2,11,66506,0,+1075052176.0ns,+1075466504.0ns,414328
h4,h23,2,12,674,0,+1075323302.0ns,+1075731780.0ns,408478
h11,h22,2,8,4656351,0,+1075089718.0ns,+1075881421.0ns,791703
h2,h20,2,13,79268,0,+1075521417.0ns,+1075936795.0ns,415378
h5,h23,2,10,4430,0,+1075604494.0ns,+1076013724.0ns,409230
h4,h21,2,11,890372,0,+1075943131.0ns,+1076498299.0ns,555168
h2,h22,2,8,4013293,0,+1075724843.0ns,+1076536702.0ns,811859
h12,h21,2,12,428,0,+1076183286.0ns,+1076591743.0ns,408457
h13,h20,2,11,2745,0,+1076208674.0ns,+1076617988.0ns,409314
h7,h20,2,13,752060,0,+1076179126.0ns,+1076650046.0ns,470920
h10,h23,2,10,1419538,0,+1076145087.0ns,+1076670650.0ns,525563
h3,h22,2,13,367014,0,+1076237973.0ns,+1076677012.0ns,439039
h14,h20,2,12,997486,0,+1076626160.0ns,+1077116999.0ns,490839
h5,h20,2,17,22668,0,+1076732266.0ns,+1077143588.0ns,411322
h2,h20,2,14,1270999,0,+1076708951.0ns,+1077418723.0ns,709772
h2,h23,2,12,4194417,0,+1076456381.0ns,+1077585022.0ns,1128641
h15,h20,2,13,28792,0,+1077173026.0ns,+1077617351.0ns,444325
h12,h22,2,11,7030,0,+1077226296.0ns,+1077635737.0ns,409441
h13,h20,2,12,64052,0,+1077290960.0ns,+1077710249.0ns,419289
h16,h20,2,10,36039,0,+1077420164.0ns,+1077832003.0ns,411839
h10,h23,2,11,1516139,0,+1077144784.0ns,+1078043182.0ns,898398
h4,h22,2,8,55009,0,+1077635045.0ns,+1078052827.0ns,417782
h11,h20,2,21,13651,0,+1077631989.0ns,+1078088693.0ns,456704
h8,h21,2,3,58139,0,+1077775360.0ns,+1078193485.0ns,418125
h2,h21,2,12,60913,0,+1077780806.0ns,+1078200993.0ns,420187
h6,h20,2,13,8614,0,+1077932877.0ns,+1078342685.0ns,409808
h13,h21,2,11,78652,0,+1077838088.0ns,+1078368218.0ns,530130
h6,h23,2,11,60182,0,+1078039985.0ns,+1078494142.0ns,454157
h12,h23,2,12,47775,0,+1078127164.0ns,+1078602339.0ns,475175
h16,h22,2,9,1088277,0,+1077818813.0ns,+1078609955.0ns,791142
h2,h22,2,9,47907,0,+1078267460.0ns,+1078688033.0ns,420573
h10,h22,2,11,1893377,0,+1078043676.0ns,+1078708572.0ns,664896
h9,h23,2,12,22015,0,+1078336194.0ns,+1078748891.0ns,412697
h6,h23,2,12,19238,0,+1078387533.0ns,+1078799503.0ns,411970
h13,h21,2,12,2205380,0,+1078215428.0ns,+1078809478.0ns,594050
h9,h21,2,15,3319,0,+1078947073.0ns,+1079356359.0ns,409286
h13,h22,2,8,4916029,0,+1077744858.0ns,+1079534711.0ns,1789853
h8,h23,2,14,176909,0,+1078672677.0ns,+1079818909.0ns,1146232
h3,h21,2,11,7859617,0,+1078490142.0ns,+1079932042.0ns,1441900
h5,h21,2,8,5643,0,+1079575221.0ns,+1079984548.0ns,409327
h4,h22,2,9,47669,0,+1079247126.0ns,+1079994847.0ns,747721
h10,h23,2,12,3799,0,+1079766079.0ns,+1080175473.0ns,409394
h8,h22,2,12,504589,0,+1079791665.0ns,+1080242005.0ns,450340
h3,h21,2,12,23402,0,+1079285109.0ns,+1080263260.0ns,978151
h16,h23,2,8,5742314,0,+1077980275.0ns,+1080271351.0ns,2291076
h2,h21,2,13,17351,0,+1079577470.0ns,+1080395108.0ns,817638
h16,h23,2,9,14674,0,+1079835387.0ns,+1080423452.0ns,588065
h12,h23,2,13,286239,0,+1079857683.0ns,+1080489698.0ns,632015
h4,h23,2,13,29790083,0,+1076279411.0ns,+1080568629.0ns,4289218
h15,h23,2,10,300053,0,+1080174362.0ns,+1080709673.0ns,535311
h13,h21,2,13,75873,0,+1080443286.0ns,+1080858386.0ns,415100
h7,h23,2,8,1049237,0,+1080331721.0ns,+1080913713.0ns,581992
h13,h21,2,14,28442,0,+1080525053.0ns,+1080936254.0ns,411201
h4,h21,2,12,40614,0,+1080579271.0ns,+1080995055.0ns,415784
h15,h20,2,14,63452,0,+1080617199.0ns,+1081036744.0ns,419545
h9,h23,2,13,455035,0,+1080771210.0ns,+1081260676.0ns,489466
h13,h20,2,13,76797,0,+1080849526.0ns,+1081264703.0ns,415177
h4,h23,2,14,4323723,0,+1080572185.0ns,+1081420493.0ns,848308
h16,h22,2,10,7434024,0,+1081065188.0ns,+1082085353.0ns,1020165
h8,h20,2,11,167360,0,+1081379320.0ns,+1082325698.0ns,946378
h12,h22,2,12,21541,0,+1082080556.0ns,+1082527404.0ns,446848
h8,h20,2,12,26587,0,+1082136402.0ns,+1082548540.0ns,412138
h7,h21,2,6,1041168,0,+1082014801.0ns,+1082554558.0ns,539757
h6,h22,2,14,12571,0,+1082219449.0ns,+1082629818.0ns,410369
h7,h20,2,14,8908405,0,+1080895880.0ns,+1082863396.0ns,1967516
h4,h23,2,16,637020,0,+1082573237.0ns,+1083034451.0ns,461214
h7,h21,2,5,70815,0,+1081817734.0ns,+1083051049.0ns,1233315
h4,h20,2,11,9360,0,+1082656045.0ns,+1083065678.0ns,409633
h6,h22,2,15,49302,0,+1082937270.0ns,+1083350187.0ns,412917
h8,h23,2,15,844031,0,+1082848243.0ns,+1083395810.0ns,547567
h11,h23,2,10,1866793,0,+1082768455.0ns,+1083400123.0ns,631668
h4,h23,2,15,258,0,+1082519841.0ns,+1083400147.0ns,880306
h14,h21,2,22,7125703,0,+1081029439.0ns,+1083428766.0ns,2399327
h15,h21,2,5,9033453,0,+1080893365.0ns,+1083450375.0ns,2557010
h16,h22,2,11,2920,0,+1082168774.0ns,+1083451333.0ns,1282559
h13,h22,2,9,37900,0,+1083311901.0ns,+1083726934.0ns,415033
h6,h22,2,16,6822,0,+1083348285.0ns,+1083758113.0ns,409828
h16,h21,2,6,62393,0,+1083279190.0ns,+1083840384.0ns,561194
h9,h20,2,11,1947901,0,+1083591274.0ns,+1084240190.0ns,648916
h11,h23,2,11,6527993,0,+1083197782.0ns,+1084643636.0ns,1445854
h4,h20,2,12,4484965,0,+1083495662.0ns,+1084684803.0ns,1189141
h4,h21,2,13,62864,0,+1084032103.0ns,+1084865504.0ns,833401
h4,h22,2,10,35028,0,+1084115198.0ns,+1084946692.0ns,831494
h9,h20,2,12,43740,0,+1084360658.0ns,+1085006327.0ns,645669
h2,h21,2,14,20959,0,+1084425254.0ns,+1085070884.0ns,645630
h10,h23,2,13,17557,0,+1084729631.0ns,+1085140636.0ns,411005
h2,h20,2,15,78734,0,+1084514023.0ns,+1085165655.0ns,651632
h8,h22,2,13,2956,0,+1084342289.0ns,+1085172015.0ns,829726
h13,h20,2,14,34585,0,+1083995130.0ns,+1085249500.0ns,1254370
h8,h20,2,13,1921,0,+1084205230.0ns,+1085267697.0ns,1062467
h12,h21,2,13,20162,0,+1084971376.0ns,+1085381896.0ns,410520
h3,h23,2,10,781343,0,+1085006191.0ns,+1085543612.0ns,537421
h13,h23,2,17,10450528,0,+1082932250.0ns,+1085543760.0ns,2611510
h3,h23,2,11,32446,0,+1085235641.0ns,+1085654377.0ns,418736
h3,h20,2,15,38788,0,+1085425386.0ns,+1085840519.0ns,415133
h5,h21,2,9,1356026,0,+1085224332.0ns,+1085847481.0ns,623149
h5,h22,2,16,25463,0,+1085379464.0ns,+1085895295.0ns,515831
h8,h20,2,14,1124803,0,+1085470184.0ns,+1086061732.0ns,591548
h14,h22,2,15,2966,0,+1085671774.0ns,+1086080883.0ns,409109
h11,h21,2,10,3799831,0,+1085236277.0ns,+1086153100.0ns,916823
h14,h23,2,12,4822,0,+1085818314.0ns,+1086227575.0ns,409261
h7,h22,2,9,64061,0,+1085928585.0ns,+1086384706.0ns,456121
h12,h20,2,10,3164,0,+1086171132.0ns,+1086617733.0ns,446601
h12,h22,2,13,1246048,0,+1086097851.0ns,+1086712497.0ns,614646
h16,h22,2,12,7441675,0,+1085707434.0ns,+1086873064.0ns,1165630
h12,h20,2,11,7874,0,+1086534238.0ns,+1086944227.0ns,409989
h5,h21,2,11,5431,0,+1086605213.0ns,+1087014831.0ns,409618
h13,h20,2,15,2270080,0,+1086270342.0ns,+1087066980.0ns,796638
h8,h22,2,14,63964,0,+1086530632.0ns,+1087096368.0ns,565736
h9,h22,2,11,6582,0,+1086714513.0ns,+1087123918.0ns,409405
h6,h21,2,11,53233,0,+1086937023.0ns,+1087359331.0ns,422308
h16,h21,2,7,1654413,0,+1086723701.0ns,+1087561222.0ns,837521
h15,h22,2,13,59378,0,+1087335590.0ns,+1087749357.0ns,413767
h13,h22,2,10,5142,0,+1087499468.0ns,+1087908761.0ns,409293
h2,h23,2,13,56215,0,+1087535854.0ns,+1087949337.0ns,413483
h6,h22,2,17,1548278,0,+1087550664.0ns,+1088150570.0ns,599906
h9,h22,2,12,2623,0,+1087756144.0ns,+1088190176.0ns,434032
h11,h21,2,11,16077,0,+1087883101.0ns,+1088296426.0ns,413325
h15,h23,2,11,2880152,0,+1087745607.0ns,+1088391170.0ns,645563
h13,h20,2,16,70772,0,+1088141781.0ns,+1088556460.0ns,414679
h16,h22,2,13,8539,0,+1088210083.0ns,+1088621880.0ns,411797
h13,h23,2,18,33919,0,+1088372487.0ns,+1088786848.0ns,414361
h5,h21,2,10,15928895,0,+1086355026.0ns,+1088791129.0ns,2436103
h14,h23,2,13,58040,0,+1088384358.0ns,+1088805425.0ns,421067
h5,h22,2,17,6373868,0,+1087308094.0ns,+1088888973.0ns,1580879
h9,h23,2,14,126378,0,+1088498289.0ns,+1088935528.0ns,437239
h5,h23,2,11,98986,0,+1088729791.0ns,+1089146790.0ns,416999
h2,h20,2,16,28550,0,+1088600039.0ns,+1089250506.0ns,650467
h13,h23,2,19,20118,0,+1088894620.0ns,+1089305136.0ns,410516
h9,h20,2,13,4132779,0,+1088308199.0ns,+1089362623.0ns,1054424
h14,h23,2,14,29664,0,+1088995576.0ns,+1089406878.0ns,411302
h4,h23,2,17,59642,0,+1089081718.0ns,+1089495485.0ns,413767
h1,h20,2,11,26098,0,+1089179779.0ns,+1089592894.0ns,413115
h6,h21,2,12,23178,0,+1089244635.0ns,+1089655405.0ns,410770
h11,h20,2,22,7461492,0,+1088364422.0ns,+1089674405.0ns,1309983
h7,h20,2,15,90568,0,+1089155907.0ns,+1089697320.0ns,541413
h15,h20,2,15,237359,0,+1089147876.0ns,+1089701357.0ns,553481
h4,h20,2,13,7915,0,+1089318781.0ns,+1089728296.0ns,409515
h7,h21,2,7,1834936,0,+1089385607.0ns,+1089945628.0ns,560021
h3,h23,2,12,6593,0,+1090018291.0ns,+1090427697.0ns,409406
h6,h21,2,13,1328850,0,+1090056136.0ns,+1090574207.0ns,518071
h13,h23,2,20,24877,0,+1090216508.0ns,+1090627418.0ns,410910
h8,h20,2,15,28455,0,+1090270121.0ns,+1090681323.0ns,411202
h2,h23,2,14,676966,0,+1090567191.0ns,+1091087289.0ns,520098
h6,h23,2,13,1360834,0,+1090513310.0ns,+1091089647.0ns,576337
h11,h21,2,12,76603,0,+1090774000.0ns,+1091195317.0ns,421317
h8,h20,2,16,1419215,0,+1090771386.0ns,+1091303182.0ns,531796
h16,h23,2,10,8119,0,+1091003090.0ns,+1091412621.0ns,409531
h15,h21,2,6,561575,0,+1091039272.0ns,+1091540404.0ns,501132
h5,h21,2,12,7882,0,+1091202189.0ns,+1091658388.0ns,456199
h9,h21,2,16,3772874,0,+1090929856.0ns,+1091725168.0ns,795312
h16,h22,2,14,41780,0,+1091346246.0ns,+1091761972.0ns,415726
h8,h22,2,15,1372833,0,+1091257025.0ns,+1091811966.0ns,554941
h4,h22,2,11,799056,0,+1091369666.0ns,+1091877516.0ns,507850
h4,h23,2,18,1034839,0,+1091416415.0ns,+1091941501.0ns,525086
h9,h22,2,13,22155,0,+1091546886.0ns,+1091971408.0ns,424522
h12,h20,2,12,684867,0,+1091508468.0ns,+1091987590.0ns,479122
h1,h22,2,10,24013,0,+1091619664.0ns,+1092030501.0ns,410837
h4,h23,2,19,77266,0,+1091670243.0ns,+1092085457.0ns,415214
h10,h22,2,12,23360,0,+1091772071.0ns,+1092193750.0ns,421679
h6,h22,2,18,428093,0,+1091846039.0ns,+1092290462.0ns,444423
h1,h23,2,12,797166,0,+1091764845.0ns,+1092306519.0ns,541674
h7,h21,2,8,2953996,0,+1091604580.0ns,+1092323654.0ns,719074
h8,h21,2,4,28683,0,+1091982276.0ns,+1092393496.0ns,411220
h3,h20,2,16,14276,0,+1091990747.0ns,+1092400783.0ns,410036
h3,h20,2,17,119639,0,+1092429026.0ns,+1092857501.0ns,428475
h14,h21,2,23,35576,0,+1092572636.0ns,+1092984424.0ns,411788
h11,h23,2,12,175024,0,+1092581514.0ns,+1093005119.0ns,423605
h2,h21,2,15,1685,0,+1092616749.0ns,+1093025753.0ns,409004
h12,h20,2,13,2292464,0,+1092427500.0ns,+1093034599.0ns,607099
h5,h21,2,13,8654,0,+1092672442.0ns,+1093082016.0ns,409574
h7,h22,2,10,49116,0,+1092908449.0ns,+1093321348.0ns,412899
h16,h23,2,11,75494,0,+1093162124.0ns,+1093583344.0ns,421220
h11,h20,2,23,5097,0,+1093377585.0ns,+1093787255.0ns,409670
h6,h20,2,14,1650406,0,+1093384436.0ns,+1094040224.0ns,655788
h13,h23,2,21,1814438,0,+1093470348.0ns,+1094177641.0ns,707293
h6,h21,2,14,21345,0,+1094195110.0ns,+1094607252.0ns,412142
h8,h22,2,16,965589,0,+1094153942.0ns,+1094656291.0ns,502349
h16,h20,2,11,13837719,0,+1092953480.0ns,+1094723667.0ns,1770187
h15,h20,2,16,147710,0,+1094091458.0ns,+1094759506.0ns,668048
h2,h22,2,10,1325605,0,+1094248795.0ns,+1094875696.0ns,626901
h10,h20,2,7,40692,0,+1094493234.0ns,+1094908700.0ns,415466
h1,h22,2,11,184619,0,+1094540652.0ns,+1094967194.0ns,426542
h11,h22,2,9,7200,0,+1094741961.0ns,+1095152084.0ns,410123
h15,h22,2,15,431914,0,+1094545155.0ns,+1095155357.0ns,610202
h15,h22,2,14,1748021,0,+1094068248.0ns,+1095186075.0ns,1117827
h4,h21,2,14,2485219,0,+1094313951.0ns,+1095328485.0ns,1014534
h5,h21,2,14,1599665,0,+1094482304.0ns,+1095356302.0ns,873998
h13,h21,2,15,5057846,0,+1094580290.0ns,+1095566561.0ns,986271
h14,h21,2,24,41722,0,+1095177344.0ns,+1095589636.0ns,412292
h12,h23,2,14,3018013,0,+1094834863.0ns,+1095652991.0ns,818128
h15,h22,2,16,79177,0,+1095092697.0ns,+1095659499.0ns,566802
h10,h21,2,14,62831,0,+1095181011.0ns,+1095664665.0ns,483654
h10,h20,2,8,842,0,+1095292363.0ns,+1095700948.0ns,408585
h10,h22,2,13,22007,0,+1095363624.0ns,+1095774298.0ns,410674
h3,h20,2,18,622107,0,+1095520712.0ns,+1095981059.0ns,460347
h5,h21,2,15,686794,0,+1095679152.0ns,+1096144459.0ns,465307
h14,h23,2,15,71853,0,+1096062006.0ns,+1096476775.0ns,414769
h6,h21,2,15,68672,0,+1096168862.0ns,+1096588920.0ns,420058
h13,h20,2,17,32788,0,+1096272582.0ns,+1096692290.0ns,419708
h16,h21,2,8,25915,0,+1096439270.0ns,+1097007748.0ns,568478
h6,h23,2,14,234447,0,+1096718742.0ns,+1097146872.0ns,428130
h3,h21,2,13,3433425,0,+1096287941.0ns,+1097265404.0ns,977463
h7,h23,2,9,3945,0,+1097126277.0ns,+1097535700.0ns,409423
h8,h21,2,5,8808991,0,+1096084686.0ns,+1097579989.0ns,1495303
h7,h22,2,11,2552,0,+1097171675.0ns,+1097580748.0ns,409073
h5,h21,2,16,1034188,0,+1096741413.0ns,+1097595131.0ns,853718
h7,h20,2,16,38633,0,+1097255650.0ns,+1097671103.0ns,415453
h11,h21,2,14,46818,0,+1097001114.0ns,+1097704653.0ns,703539
h7,h20,2,17,59506,0,+1097381347.0ns,+1097795103.0ns,413756
h11,h21,2,13,1853687,0,+1096960533.0ns,+1097912212.0ns,951679
h3,h21,2,14,2650888,0,+1096951820.0ns,+1097969657.0ns,1017837
h16,h21,2,9,1264603,0,+1097243534.0ns,+1098073945.0ns,830411
h16,h23,2,12,1257980,0,+1097710624.0ns,+1098329377.0ns,618753
h15,h22,2,17,662649,0,+1097901581.0ns,+1098364930.0ns,463349
h1,h20,2,12,26010,0,+1097976721.0ns,+1098390109.0ns,413388
h6,h23,2,15,41271,0,+1098134235.0ns,+1098548157.0ns,413922
h3,h23,2,13,9406527,0,+1097251084.0ns,+1098584511.0ns,1333427
h8,h21,2,6,30980,0,+1098042266.0ns,+1098604909.0ns,562643
h12,h21,2,14,772678,0,+1097982225.0ns,+1098605936.0ns,623711
h15,h20,2,17,96308,0,+1098346990.0ns,+1098763769.0ns,416779
h14,h21,2,25,10243,0,+1098423787.0ns,+1098834297.0ns,410510
h8,h22,2,17,1323138,0,+1098397696.0ns,+1098916143.0ns,518447
h6,h22,2,19,1465,0,+1098862009.0ns,+1099270995.0ns,408986
h14,h23,2,16,422639,0,+1098982655.0ns,+1099426251.0ns,443596
h3,h22,2,14,1637,0,+1099187690.0ns,+1099596690.0ns,409000
h3,h21,2,15,2997,0,+1099193375.0ns,+1099602487.0ns,409112
