Time,Node,PortIndex,DropPacket
+1019800000.0ns,s4,3,141
+1019900000.0ns,s4,3,561
+1020000000.0ns,s4,3,981
+1020100000.0ns,s4,3,1396
+1020200000.0ns,s4,3,1396
+1020300000.0ns,s4,3,1396
+1020400000.0ns,s4,3,1396
+1020500000.0ns,s4,3,1396
+1020600000.0ns,s4,3,1396
+1020700000.0ns,s4,3,1396
+1020800000.0ns,s4,3,1396
+1020900000.0ns,s4,3,1396
+1021000000.0ns,s4,3,1396
+1021100000.0ns,s4,3,1396
+1021200000.0ns,s4,3,1396
+1021300000.0ns,s4,3,1396
+1021400000.0ns,s4,3,1396
+1021500000.0ns,s4,3,1396
+1021600000.0ns,s4,3,1396
+1021700000.0ns,s4,3,1396
+1021800000.0ns,s4,3,1396
+1021900000.0ns,s4,3,1396
+1022000000.0ns,s4,3,1396
+1022100000.0ns,s4,3,1396
+1022200000.0ns,s4,3,1396
+1022300000.0ns,s4,3,1396
+1022400000.0ns,s4,3,1396
+1022500000.0ns,s4,3,1396
+1022600000.0ns,s4,3,1396
+1022700000.0ns,s4,3,1396
+1022800000.0ns,s4,3,1396
+1022900000.0ns,s4,3,1396
+1023000000.0ns,s4,3,1396
+1023100000.0ns,s4,3,1396
+1023200000.0ns,s4,3,1396
+1023300000.0ns,s4,3,1396
+1023400000.0ns,s4,3,1396
+1023500000.0ns,s4,3,1396
+1023600000.0ns,s4,3,1396
+1023700000.0ns,s4,3,1396
+1023800000.0ns,s4,3,1396
+1023900000.0ns,s4,3,1396
+1024000000.0ns,s4,3,1396
+1024100000.0ns,s4,3,1396
+1024200000.0ns,s4,3,1396
+1024300000.0ns,s4,3,1396
+1024400000.0ns,s4,3,1396
+1024500000.0ns,s4,3,1396
+1024600000.0ns,s4,3,1396
+1024700000.0ns,s4,3,1396
+1024800000.0ns,s4,3,1396
+1024900000.0ns,s4,3,1396
+1025000000.0ns,s4,3,1396
+1025100000.0ns,s4,3,1396
+1025200000.0ns,s4,3,1396
+1025300000.0ns,s4,3,1396
+1025400000.0ns,s4,3,1396
+1025500000.0ns,s4,3,1396
+1025600000.0ns,s4,3,1396
+1025700000.0ns,s4,3,1396
+1025800000.0ns,s4,3,1396
+1025900000.0ns,s4,3,1396
+1026000000.0ns,s4,3,1396
+1026100000.0ns,s4,3,1396
+1026200000.0ns,s4,3,1396
+1026300000.0ns,s4,3,1396
+1026400000.0ns,s4,3,1396
+1026500000.0ns,s4,3,1396
+1026600000.0ns,s4,3,1396
+1026700000.0ns,s4,3,1396
+1026800000.0ns,s4,3,1396
+1026900000.0ns,s4,3,1396
+1027000000.0ns,s4,3,1396
+1027100000.0ns,s4,3,1396
+1027200000.0ns,s4,3,1396
+1027300000.0ns,s4,3,1396
+1027400000.0ns,s4,3,1396
+1027500000.0ns,s4,3,1396
+1027600000.0ns,s4,3,1396
+1027700000.0ns,s4,3,1396
+1027800000.0ns,s4,3,1396
+1027900000.0ns,s4,3,1396
+1028000000.0ns,s4,3,1396
+1028100000.0ns,s4,3,1396
+1028200000.0ns,s4,3,1396
+1028300000.0ns,s4,3,1396
+1028400000.0ns,s4,3,1396
+1028500000.0ns,s4,3,1396
+1028600000.0ns,s4,3,1396
+1028700000.0ns,s4,3,1396
+1028800000.0ns,s4,3,1396
+1028900000.0ns,s4,3,1396
+1029000000.0ns,s4,3,1396
+1029100000.0ns,s4,3,1396
+1029200000.0ns,s4,3,1396
+1029300000.0ns,s4,3,1396
+1029400000.0ns,s4,3,1396
+1029500000.0ns,s4,3,1396
+1029600000.0ns,s4,3,1396
+1029700000.0ns,s4,3,1396
+1029800000.0ns,s4,3,1396
+1029900000.0ns,s4,3,1396
+1030000000.0ns,s4,3,1396
+1030100000.0ns,s4,3,1396
+1030200000.0ns,s4,3,1396
+1030300000.0ns,s4,3,1396
+1030400000.0ns,s4,3,1396
+1030500000.0ns,s4,3,1396
+1030600000.0ns,s4,3,1396
+1030700000.0ns,s4,3,1396
+1030800000.0ns,s4,3,1396
+1030900000.0ns,s4,3,1396
+1031000000.0ns,s4,3,1396
+1031100000.0ns,s4,3,1396
+1031200000.0ns,s4,3,1396
+1031300000.0ns,s4,3,1396
+1031400000.0ns,s4,3,1396
+1031500000.0ns,s4,3,1396
+1031600000.0ns,s4,3,1396
+1031700000.0ns,s4,3,1396
+1031800000.0ns,s4,3,1396
+1031900000.0ns,s4,3,1396
+1032000000.0ns,s4,3,1396
+1032100000.0ns,s4,3,1396
+1032200000.0ns,s4,3,1396
+1032300000.0ns,s4,3,1396
+1032400000.0ns,s4,3,1396
+1032500000.0ns,s4,3,1396
+1032600000.0ns,s4,3,1396
+1032700000.0ns,s4,3,1396
+1032800000.0ns,s4,3,1396
+1032900000.0ns,s4,3,1396
+1033000000.0ns,s4,3,1396
+1033100000.0ns,s4,3,1396
+1033200000.0ns,s4,3,1396
+1033300000.0ns,s4,3,1396
+1033400000.0ns,s4,3,1396
+1033500000.0ns,s4,3,1396
+1033600000.0ns,s4,3,1396
+1033700000.0ns,s4,3,1396
+1033800000.0ns,s4,3,1396
+1033900000.0ns,s4,3,1396
+1034000000.0ns,s4,3,1396
+1034100000.0ns,s4,3,1396
+1034200000.0ns,s4,3,1396
+1034300000.0ns,s4,3,1396
+1034400000.0ns,s4,3,1396
+1034500000.0ns,s4,3,1396
+1034600000.0ns,s4,3,1396
+1034700000.0ns,s4,3,1396
+1034800000.0ns,s4,3,1396
+1034900000.0ns,s4,3,1396
+1035000000.0ns,s4,3,1396
+1035100000.0ns,s4,3,1396
+1035200000.0ns,s4,3,1396
+1035300000.0ns,s4,3,1396
+1035400000.0ns,s4,3,1396
+1035500000.0ns,s4,3,1396
+1035600000.0ns,s4,3,1396
+1035700000.0ns,s4,3,1396
+1035800000.0ns,s4,3,1396
+1035900000.0ns,s4,3,1396
+1036000000.0ns,s4,3,1396
+1036100000.0ns,s4,3,1396
+1036200000.0ns,s4,3,1396
+1036300000.0ns,s4,3,1396
+1036400000.0ns,s4,3,1396
+1036500000.0ns,s4,3,1396
+1036600000.0ns,s4,3,1396
+1036700000.0ns,s4,3,1396
+1036800000.0ns,s4,3,1396
+1036900000.0ns,s4,3,1396
+1037000000.0ns,s4,3,1396
+1037100000.0ns,s4,3,1396
+1037200000.0ns,s4,3,1396
+1037300000.0ns,s4,3,1396
+1037400000.0ns,s4,3,1396
+1037500000.0ns,s4,3,1396
+1037600000.0ns,s4,3,1396
+1037700000.0ns,s4,3,1396
+1037800000.0ns,s4,3,1396
+1037900000.0ns,s4,3,1396
+1038000000.0ns,s4,3,1396
+1038100000.0ns,s4,3,1396
+1038200000.0ns,s4,3,1396
+1038300000.0ns,s4,3,1396
+1038400000.0ns,s4,3,1396
+1038500000.0ns,s4,3,1396
+1038600000.0ns,s4,3,1396
+1038700000.0ns,s4,3,1396
+1038800000.0ns,s4,3,1396
+1038900000.0ns,s4,3,1396
+1039000000.0ns,s4,3,1396
+1039100000.0ns,s4,3,1396
+1039200000.0ns,s4,3,1396
+1039300000.0ns,s4,3,1396
+1039400000.0ns,s4,3,1396
+1039500000.0ns,s4,3,1396
+1039600000.0ns,s4,3,1396
+1039700000.0ns,s4,3,1396
+1039800000.0ns,s4,3,1396
+1039900000.0ns,s4,3,1396
+1040000000.0ns,s4,3,1396
+1040100000.0ns,s4,3,1396
+1040200000.0ns,s4,3,1396
+1040300000.0ns,s4,3,1396
+1040400000.0ns,s4,3,1396
+1040500000.0ns,s4,3,1396
+1040600000.0ns,s4,3,1396
+1040700000.0ns,s4,3,1396
+1040800000.0ns,s4,3,1396
+1040900000.0ns,s4,3,1396
+1041000000.0ns,s4,3,1396
+1041100000.0ns,s4,3,1396
+1041200000.0ns,s4,3,1396
+1041300000.0ns,s4,3,1396
+1041400000.0ns,s4,3,1396
+1041500000.0ns,s4,3,1396
+1041600000.0ns,s4,3,1396
+1041700000.0ns,s4,3,1396
+1041800000.0ns,s4,3,1396
+1041900000.0ns,s4,3,1396
+1042000000.0ns,s4,3,1396
+1042100000.0ns,s4,3,1396
+1042200000.0ns,s4,3,1396
+1042300000.0ns,s4,3,1396
+1042400000.0ns,s4,3,1396
+1042500000.0ns,s4,3,1396
+1042600000.0ns,s4,3,1396
+1042700000.0ns,s4,3,1396
+1042800000.0ns,s4,3,1396
+1042900000.0ns,s4,3,1396
+1043000000.0ns,s4,3,1396
+1043100000.0ns,s4,3,1396
+1043200000.0ns,s4,3,1396
+1043300000.0ns,s4,3,1396
+1043400000.0ns,s4,3,1396
+1043500000.0ns,s4,3,1396
+1043600000.0ns,s4,3,1396
+1043700000.0ns,s4,3,1396
+1043800000.0ns,s4,3,1396
+1043900000.0ns,s4,3,1396
+1044000000.0ns,s4,3,1396
+1044100000.0ns,s4,3,1396
+1044200000.0ns,s4,3,1396
+1044300000.0ns,s4,3,1396
+1044400000.0ns,s4,3,1396
+1044500000.0ns,s4,3,1396
+1044600000.0ns,s4,3,1396
+1044700000.0ns,s4,3,1396
+1044800000.0ns,s4,3,1396
+1044900000.0ns,s4,3,1396
+1045000000.0ns,s4,3,1396
+1045100000.0ns,s4,3,1396
+1045200000.0ns,s4,3,1396
+1045300000.0ns,s4,3,1396
+1045400000.0ns,s4,3,1396
+1045500000.0ns,s4,3,1396
+1045600000.0ns,s4,3,1396
+1045700000.0ns,s4,3,1396
+1045800000.0ns,s4,3,1396
+1045900000.0ns,s4,3,1396
+1046000000.0ns,s4,3,1396
+1046100000.0ns,s4,3,1396
+1046200000.0ns,s4,3,1396
+1046300000.0ns,s4,3,1396
+1046400000.0ns,s4,3,1396
+1046500000.0ns,s4,3,1396
+1046600000.0ns,s4,3,1396
+1046700000.0ns,s4,3,1396
+1046800000.0ns,s4,3,1396
+1046900000.0ns,s4,3,1396
+1047000000.0ns,s4,3,1396
+1047100000.0ns,s4,3,1396
+1047200000.0ns,s4,3,1396
+1047300000.0ns,s4,3,1396
+1047400000.0ns,s4,3,1396
+1047500000.0ns,s4,3,1396
+1047600000.0ns,s4,3,1396
+1047700000.0ns,s4,3,1396
+1047800000.0ns,s4,3,1396
+1047900000.0ns,s4,3,1396
+1048000000.0ns,s4,3,1396
+1048100000.0ns,s4,3,1396
+1048200000.0ns,s4,3,1396
+1048300000.0ns,s4,3,1396
+1048400000.0ns,s4,3,1396
+1048500000.0ns,s4,3,1396
+1048600000.0ns,s4,3,1396
+1048700000.0ns,s4,3,1396
+1048800000.0ns,s4,3,1396
+1048900000.0ns,s4,3,1396
+1049000000.0ns,s4,3,1396
+1049100000.0ns,s4,3,1396
+1049200000.0ns,s4,3,1396
+1049300000.0ns,s4,3,1396
+1049400000.0ns,s4,3,1396
+1049500000.0ns,s4,3,1396
+1049600000.0ns,s4,3,1396
+1049700000.0ns,s4,3,1396
+1049800000.0ns,s4,3,1396
+1049900000.0ns,s4,3,1396
+1050000000.0ns,s4,3,1396
+1050100000.0ns,s4,3,1396
+1050200000.0ns,s4,3,1396
+1050300000.0ns,s4,3,1396
+1050400000.0ns,s4,3,1396
+1050500000.0ns,s4,3,1396
+1050600000.0ns,s4,3,1396
+1050700000.0ns,s4,3,1396
+1050800000.0ns,s4,3,1396
+1050900000.0ns,s4,3,1396
+1051000000.0ns,s4,3,1396
+1051100000.0ns,s4,3,1396
+1051200000.0ns,s4,3,1396
+1051300000.0ns,s4,3,1396
+1051400000.0ns,s4,3,1396
+1051500000.0ns,s4,3,1396
+1051600000.0ns,s4,3,1396
+1051700000.0ns,s4,3,1396
+1051800000.0ns,s4,3,1396
+1051900000.0ns,s4,3,1396
+1052000000.0ns,s4,3,1396
+1052100000.0ns,s4,3,1396
+1052200000.0ns,s4,3,1396
+1052300000.0ns,s4,3,1396
+1052400000.0ns,s4,3,1396
+1052500000.0ns,s4,3,1396
+1052600000.0ns,s4,3,1396
+1052700000.0ns,s4,3,1396
+1052800000.0ns,s4,3,1396
+1052900000.0ns,s4,3,1396
+1053000000.0ns,s4,3,1396
+1053100000.0ns,s4,3,1396
+1053200000.0ns,s4,3,1396
+1053300000.0ns,s4,3,1396
+1053400000.0ns,s4,3,1396
+1053500000.0ns,s4,3,1396
+1053600000.0ns,s4,3,1396
+1053700000.0ns,s4,3,1396
+1053800000.0ns,s4,3,1396
+1053900000.0ns,s4,3,1396
+1054000000.0ns,s4,3,1396
+1054100000.0ns,s4,3,1396
+1054200000.0ns,s4,3,1396
+1054300000.0ns,s4,3,1396
+1054400000.0ns,s4,3,1396
+1054500000.0ns,s4,3,1396
+1054600000.0ns,s4,3,1396
+1054700000.0ns,s4,3,1396
+1054800000.0ns,s4,3,1396
+1054900000.0ns,s4,3,1396
+1055000000.0ns,s4,3,1396
+1055100000.0ns,s4,3,1396
+1055200000.0ns,s4,3,1396
+1055300000.0ns,s4,3,1396
+1055400000.0ns,s4,3,1396
+1055500000.0ns,s4,3,1396
+1055600000.0ns,s4,3,1396
+1055700000.0ns,s4,3,1396
+1055800000.0ns,s4,3,1396
+1055900000.0ns,s4,3,1396
+1056000000.0ns,s4,3,1396
+1056100000.0ns,s4,3,1396
+1056200000.0ns,s4,3,1396
+1056300000.0ns,s4,3,1396
+1056400000.0ns,s4,3,1396
+1056500000.0ns,s4,3,1396
+1056600000.0ns,s4,3,1396
+1056700000.0ns,s4,3,1396
+1056800000.0ns,s4,3,1396
+1056900000.0ns,s4,3,1396
+1057000000.0ns,s4,3,1396
+1057100000.0ns,s4,3,1396
+1057200000.0ns,s4,3,1396
+1057300000.0ns,s4,3,1396
+1057400000.0ns,s4,3,1396
+1057500000.0ns,s4,3,1396
+1057600000.0ns,s4,3,1396
+1057700000.0ns,s4,3,1396
+1057800000.0ns,s4,3,1396
+1057900000.0ns,s4,3,1396
+1058000000.0ns,s4,3,1396
+1058100000.0ns,s4,3,1396
+1058200000.0ns,s4,3,1396
+1058300000.0ns,s4,3,1396
+1058400000.0ns,s4,3,1396
+1058500000.0ns,s4,3,1396
+1058600000.0ns,s4,3,1396
+1058700000.0ns,s4,3,1396
+1058800000.0ns,s4,3,1396
+1058900000.0ns,s4,3,1396
+1059000000.0ns,s4,3,1396
+1059100000.0ns,s4,3,1396
+1059200000.0ns,s4,3,1396
+1059300000.0ns,s4,3,1396
+1059400000.0ns,s4,3,1396
+1059500000.0ns,s4,3,1396
+1059600000.0ns,s4,3,1396
+1059700000.0ns,s4,3,1396
+1059800000.0ns,s4,3,1396
+1059900000.0ns,s4,3,1396
+1060000000.0ns,s4,3,1396
+1060100000.0ns,s4,3,1396
+1060200000.0ns,s4,3,1396
+1060300000.0ns,s4,3,1396
+1060400000.0ns,s4,3,1396
+1060500000.0ns,s4,3,1396
+1060600000.0ns,s4,3,1396
+1060700000.0ns,s4,3,1396
+1060800000.0ns,s4,3,1396
+1060900000.0ns,s4,3,1396
+1061000000.0ns,s4,3,1396
+1061100000.0ns,s4,3,1396
+1061200000.0ns,s4,3,1396
+1061300000.0ns,s4,3,1396
+1061400000.0ns,s4,3,1396
+1061500000.0ns,s4,3,1396
+1061600000.0ns,s4,3,1396
+1061700000.0ns,s4,3,1396
+1061800000.0ns,s4,3,1396
+1061900000.0ns,s4,3,1396
+1062000000.0ns,s4,3,1396
+1062100000.0ns,s4,3,1396
+1062200000.0ns,s4,3,1396
+1062300000.0ns,s4,3,1396
+1062400000.0ns,s4,3,1396
+1062500000.0ns,s4,3,1396
+1062600000.0ns,s4,3,1396
+1062700000.0ns,s4,3,1396
+1062800000.0ns,s4,3,1396
+1062900000.0ns,s4,3,1396
+1063000000.0ns,s4,3,1396
+1063100000.0ns,s4,3,1396
+1063200000.0ns,s4,3,1396
+1063300000.0ns,s4,3,1396
+1063400000.0ns,s4,3,1396
+1063500000.0ns,s4,3,1396
+1063600000.0ns,s4,3,1396
+1063700000.0ns,s4,3,1396
+1063800000.0ns,s4,3,1396
+1063900000.0ns,s4,3,1396
+1064000000.0ns,s4,3,1396
+1064100000.0ns,s4,3,1396
+1064200000.0ns,s4,3,1396
+1064300000.0ns,s4,3,1396
+1064400000.0ns,s4,3,1396
+1064500000.0ns,s4,3,1396
+1064600000.0ns,s4,3,1396
+1064700000.0ns,s4,3,1396
+1064800000.0ns,s4,3,1396
+1064900000.0ns,s4,3,1396
+1065000000.0ns,s4,3,1396
+1065100000.0ns,s4,3,1396
+1065200000.0ns,s4,3,1396
+1065300000.0ns,s4,3,1396
+1065400000.0ns,s4,3,1396
+1065500000.0ns,s4,3,1396
+1065600000.0ns,s4,3,1396
+1065700000.0ns,s4,3,1396
+1065800000.0ns,s4,3,1396
+1065900000.0ns,s4,3,1396
+1066000000.0ns,s4,3,1396
+1066100000.0ns,s4,3,1396
+1066200000.0ns,s4,3,1396
+1066300000.0ns,s4,3,1396
+1066400000.0ns,s4,3,1396
+1066500000.0ns,s4,3,1396
+1066600000.0ns,s4,3,1396
+1066700000.0ns,s4,3,1396
+1066800000.0ns,s4,3,1396
+1066900000.0ns,s4,3,1396
+1067000000.0ns,s4,3,1396
+1067100000.0ns,s4,3,1396
+1067200000.0ns,s4,3,1396
+1067300000.0ns,s4,3,1396
+1067400000.0ns,s4,3,1396
+1067500000.0ns,s4,3,1396
+1067600000.0ns,s4,3,1396
+1067700000.0ns,s4,3,1396
+1067800000.0ns,s4,3,1396
+1067900000.0ns,s4,3,1396
+1068000000.0ns,s4,3,1396
+1068100000.0ns,s4,3,1396
+1068200000.0ns,s4,3,1396
+1068300000.0ns,s4,3,1396
+1068400000.0ns,s4,3,1396
+1068500000.0ns,s4,3,1396
+1068600000.0ns,s4,3,1396
+1068700000.0ns,s4,3,1396
+1068800000.0ns,s4,3,1396
+1068900000.0ns,s4,3,1396
+1069000000.0ns,s4,3,1396
+1069100000.0ns,s4,3,1396
+1069200000.0ns,s4,3,1396
+1069300000.0ns,s4,3,1396
+1069400000.0ns,s4,3,1396
+1069500000.0ns,s4,3,1396
+1069600000.0ns,s4,3,1396
+1069700000.0ns,s4,3,1396
+1069800000.0ns,s4,3,1396
+1069900000.0ns,s4,3,1396
+1070000000.0ns,s4,3,1396
+1070100000.0ns,s4,3,1396
+1070200000.0ns,s4,3,1396
+1070300000.0ns,s4,3,1396
+1070400000.0ns,s4,3,1396
+1070500000.0ns,s4,3,1396
+1070600000.0ns,s4,3,1396
+1070700000.0ns,s4,3,1396
+1070800000.0ns,s4,3,1396
+1070900000.0ns,s4,3,1396
+1071000000.0ns,s4,3,1396
+1071100000.0ns,s4,3,1396
+1071200000.0ns,s4,3,1396
+1071300000.0ns,s4,3,1396
+1071400000.0ns,s4,3,1396
+1071500000.0ns,s4,3,1396
+1071600000.0ns,s4,3,1396
+1071700000.0ns,s4,3,1396
+1071800000.0ns,s4,3,1396
+1071900000.0ns,s4,3,1396
+1072000000.0ns,s4,3,1396
+1072100000.0ns,s4,3,1396
+1072200000.0ns,s4,3,1396
+1072300000.0ns,s4,3,1396
+1072400000.0ns,s4,3,1396
+1072500000.0ns,s4,3,1396
+1072600000.0ns,s4,3,1396
+1072700000.0ns,s4,3,1396
+1072800000.0ns,s4,3,1396
+1072900000.0ns,s4,3,1396
+1073000000.0ns,s4,3,1396
+1073100000.0ns,s4,3,1396
+1073200000.0ns,s4,3,1396
+1073300000.0ns,s4,3,1396
+1073400000.0ns,s4,3,1396
+1073500000.0ns,s4,3,1396
+1073600000.0ns,s4,3,1396
+1073700000.0ns,s4,3,1396
+1073800000.0ns,s4,3,1396
+1073900000.0ns,s4,3,1396
+1074000000.0ns,s4,3,1396
+1074100000.0ns,s4,3,1396
+1074200000.0ns,s4,3,1396
+1074300000.0ns,s4,3,1396
+1074400000.0ns,s4,3,1396
+1074500000.0ns,s4,3,1396
+1074600000.0ns,s4,3,1396
+1074700000.0ns,s4,3,1396
+1074800000.0ns,s4,3,1396
+1074900000.0ns,s4,3,1396
+1075000000.0ns,s4,3,1396
+1075100000.0ns,s4,3,1396
+1075200000.0ns,s4,3,1396
+1075300000.0ns,s4,3,1396
+1075400000.0ns,s4,3,1396
+1075500000.0ns,s4,3,1396
+1075600000.0ns,s4,3,1396
+1075700000.0ns,s4,3,1396
+1075800000.0ns,s4,3,1396
+1075900000.0ns,s4,3,1396
+1076000000.0ns,s4,3,1396
+1076100000.0ns,s4,3,1396
+1076200000.0ns,s4,3,1396
+1076300000.0ns,s4,3,1396
+1076400000.0ns,s4,3,1396
+1076500000.0ns,s4,3,1396
+1076600000.0ns,s4,3,1396
+1076700000.0ns,s4,3,1396
+1076800000.0ns,s4,3,1396
+1076900000.0ns,s4,3,1396
+1077000000.0ns,s4,3,1396
+1077100000.0ns,s4,3,1396
+1077200000.0ns,s4,3,1396
+1077300000.0ns,s4,3,1396
+1077400000.0ns,s4,3,1396
+1077500000.0ns,s4,3,1396
+1077600000.0ns,s4,3,1396
+1077700000.0ns,s4,3,1396
+1077800000.0ns,s4,3,1396
+1077900000.0ns,s4,3,1396
+1078000000.0ns,s4,3,1396
+1078100000.0ns,s4,3,1396
+1078200000.0ns,s4,3,1396
+1078300000.0ns,s4,3,1396
+1078400000.0ns,s4,3,1396
+1078500000.0ns,s4,3,1396
+1078600000.0ns,s4,3,1396
+1078700000.0ns,s4,3,1396
+1078800000.0ns,s4,3,1396
+1078900000.0ns,s4,3,1396
+1079000000.0ns,s4,3,1396
+1079100000.0ns,s4,3,1396
+1079200000.0ns,s4,3,1396
+1079300000.0ns,s4,3,1396
+1079400000.0ns,s4,3,1396
+1079500000.0ns,s4,3,1396
+1079600000.0ns,s4,3,1396
+1079700000.0ns,s4,3,1396
+1079800000.0ns,s4,3,1396
+1079900000.0ns,s4,3,1396
+1080000000.0ns,s4,3,1396
+1080100000.0ns,s4,3,1396
+1080200000.0ns,s4,3,1396
+1080300000.0ns,s4,3,1396
+1080400000.0ns,s4,3,1396
+1080500000.0ns,s4,3,1396
+1080600000.0ns,s4,3,1396
+1080700000.0ns,s4,3,1396
+1080800000.0ns,s4,3,1396
+1080900000.0ns,s4,3,1396
+1081000000.0ns,s4,3,1396
+1081100000.0ns,s4,3,1396
+1081200000.0ns,s4,3,1396
+1081300000.0ns,s4,3,1396
+1081400000.0ns,s4,3,1396
+1081500000.0ns,s4,3,1396
+1081600000.0ns,s4,3,1396
+1081700000.0ns,s4,3,1396
+1081800000.0ns,s4,3,1396
+1081900000.0ns,s4,3,1396
+1082000000.0ns,s4,3,1396
+1082100000.0ns,s4,3,1396
+1082200000.0ns,s4,3,1396
+1082300000.0ns,s4,3,1396
+1082400000.0ns,s4,3,1396
+1082500000.0ns,s4,3,1396
+1082600000.0ns,s4,3,1396
+1082700000.0ns,s4,3,1396
+1082800000.0ns,s4,3,1396
+1082900000.0ns,s4,3,1396
+1083000000.0ns,s4,3,1396
+1083100000.0ns,s4,3,1396
+1083200000.0ns,s4,3,1396
+1083300000.0ns,s4,3,1396
+1083400000.0ns,s4,3,1396
+1083500000.0ns,s4,3,1396
+1083600000.0ns,s4,3,1396
+1083700000.0ns,s4,3,1396
+1083800000.0ns,s4,3,1396
+1083900000.0ns,s4,3,1396
+1084000000.0ns,s4,3,1396
+1084100000.0ns,s4,3,1396
+1084200000.0ns,s4,3,1396
+1084300000.0ns,s4,3,1396
+1084400000.0ns,s4,3,1396
+1084500000.0ns,s4,3,1396
+1084600000.0ns,s4,3,1396
+1084700000.0ns,s4,3,1396
+1084800000.0ns,s4,3,1396
+1084900000.0ns,s4,3,1396
+1085000000.0ns,s4,3,1396
+1085100000.0ns,s4,3,1396
+1085200000.0ns,s4,3,1396
+1085300000.0ns,s4,3,1396
+1085400000.0ns,s4,3,1396
+1085500000.0ns,s4,3,1396
+1085600000.0ns,s4,3,1396
+1085700000.0ns,s4,3,1396
+1085800000.0ns,s4,3,1396
+1085900000.0ns,s4,3,1396
+1086000000.0ns,s4,3,1396
+1086100000.0ns,s4,3,1396
+1086200000.0ns,s4,3,1396
+1086300000.0ns,s4,3,1396
+1086400000.0ns,s4,3,1396
+1086500000.0ns,s4,3,1396
+1086600000.0ns,s4,3,1396
+1086700000.0ns,s4,3,1396
+1086800000.0ns,s4,3,1396
+1086900000.0ns,s4,3,1396
+1087000000.0ns,s4,3,1396
+1087100000.0ns,s4,3,1396
+1087200000.0ns,s4,3,1396
+1087300000.0ns,s4,3,1396
+1087400000.0ns,s4,3,1396
+1087500000.0ns,s4,3,1396
+1087600000.0ns,s4,3,1396
+1087700000.0ns,s4,3,1396
+1087800000.0ns,s4,3,1396
+1087900000.0ns,s4,3,1396
+1088000000.0ns,s4,3,1396
+1088100000.0ns,s4,3,1396
+1088200000.0ns,s4,3,1396
+1088300000.0ns,s4,3,1396
+1088400000.0ns,s4,3,1396
+1088500000.0ns,s4,3,1396
+1088600000.0ns,s4,3,1396
+1088700000.0ns,s4,3,1396
+1088800000.0ns,s4,3,1396
+1088900000.0ns,s4,3,1396
+1089000000.0ns,s4,3,1396
+1089100000.0ns,s4,3,1396
+1089200000.0ns,s4,3,1396
+1089300000.0ns,s4,3,1396
+1089400000.0ns,s4,3,1396
+1089500000.0ns,s4,3,1396
+1089600000.0ns,s4,3,1396
+1089700000.0ns,s4,3,1396
+1089800000.0ns,s4,3,1396
+1089900000.0ns,s4,3,1396
+1090000000.0ns,s4,3,1396
+1090100000.0ns,s4,3,1396
+1090200000.0ns,s4,3,1396
+1090300000.0ns,s4,3,1396
+1090400000.0ns,s4,3,1396
+1090500000.0ns,s4,3,1396
+1090600000.0ns,s4,3,1396
+1090700000.0ns,s4,3,1396
+1090800000.0ns,s4,3,1396
+1090900000.0ns,s4,3,1396
+1091000000.0ns,s4,3,1396
+1091100000.0ns,s4,3,1396
+1091200000.0ns,s4,3,1396
+1091300000.0ns,s4,3,1396
+1091400000.0ns,s4,3,1396
+1091500000.0ns,s4,3,1396
+1091600000.0ns,s4,3,1396
+1091700000.0ns,s4,3,1396
+1091800000.0ns,s4,3,1396
+1091900000.0ns,s4,3,1396
+1092000000.0ns,s4,3,1396
+1092100000.0ns,s4,3,1396
+1092200000.0ns,s4,3,1396
+1092300000.0ns,s4,3,1396
+1092400000.0ns,s4,3,1396
+1092500000.0ns,s4,3,1396
+1092600000.0ns,s4,3,1396
+1092700000.0ns,s4,3,1396
+1092800000.0ns,s4,3,1396
+1092900000.0ns,s4,3,1396
+1093000000.0ns,s4,3,1396
+1093100000.0ns,s4,3,1396
+1093200000.0ns,s4,3,1396
+1093300000.0ns,s4,3,1396
+1093400000.0ns,s4,3,1396
+1093500000.0ns,s4,3,1396
+1093600000.0ns,s4,3,1396
+1093700000.0ns,s4,3,1396
+1093800000.0ns,s4,3,1396
+1093900000.0ns,s4,3,1396
+1094000000.0ns,s4,3,1396
+1094100000.0ns,s4,3,1396
+1094200000.0ns,s4,3,1396
+1094300000.0ns,s4,3,1396
+1094400000.0ns,s4,3,1396
+1094500000.0ns,s4,3,1396
+1094600000.0ns,s4,3,1396
+1094700000.0ns,s4,3,1396
+1094800000.0ns,s4,3,1396
+1094900000.0ns,s4,3,1396
+1095000000.0ns,s4,3,1396
+1095100000.0ns,s4,3,1396
+1095200000.0ns,s4,3,1396
+1095300000.0ns,s4,3,1396
+1095400000.0ns,s4,3,1396
+1095500000.0ns,s4,3,1396
+1095600000.0ns,s4,3,1396
+1095700000.0ns,s4,3,1396
+1095800000.0ns,s4,3,1396
+1095900000.0ns,s4,3,1396
+1096000000.0ns,s4,3,1396
+1096100000.0ns,s4,3,1396
+1096200000.0ns,s4,3,1396
+1096300000.0ns,s4,3,1396
+1096400000.0ns,s4,3,1396
+1096500000.0ns,s4,3,1396
+1096600000.0ns,s4,3,1396
+1096700000.0ns,s4,3,1396
+1096800000.0ns,s4,3,1396
+1096900000.0ns,s4,3,1396
+1097000000.0ns,s4,3,1396
+1097100000.0ns,s4,3,1396
+1097200000.0ns,s4,3,1396
+1097300000.0ns,s4,3,1396
+1097400000.0ns,s4,3,1396
+1097500000.0ns,s4,3,1396
+1097600000.0ns,s4,3,1396
+1097700000.0ns,s4,3,1396
+1097800000.0ns,s4,3,1396
+1097900000.0ns,s4,3,1396
+1098000000.0ns,s4,3,1396
+1098100000.0ns,s4,3,1396
+1098200000.0ns,s4,3,1396
+1098300000.0ns,s4,3,1396
+1098400000.0ns,s4,3,1396
+1098500000.0ns,s4,3,1396
+1098600000.0ns,s4,3,1396
+1098700000.0ns,s4,3,1396
+1098800000.0ns,s4,3,1396
+1098900000.0ns,s4,3,1396
+1099000000.0ns,s4,3,1396
+1099100000.0ns,s4,3,1396
+1099200000.0ns,s4,3,1396
+1099300000.0ns,s4,3,1396
+1099400000.0ns,s4,3,1396
+1099500000.0ns,s4,3,1396
+1099600000.0ns,s4,3,1396
