Time,Node,PortIndex,RxByte
+1000000000.0ns,s42,0,0
+1000100000.0ns,s42,0,0
+1000200000.0ns,s42,0,0
+1000300000.0ns,s42,0,0
+1000400000.0ns,s42,0,0
+1000500000.0ns,s42,0,0
+1000600000.0ns,s42,0,0
+1000700000.0ns,s42,0,0
+1000800000.0ns,s42,0,0
+1000900000.0ns,s42,0,0
+1001000000.0ns,s42,0,1485000
+1001100000.0ns,s42,0,3795826
+1001200000.0ns,s42,0,5055826
+1001300000.0ns,s42,0,5172185
+1001400000.0ns,s42,0,5250619
+1001500000.0ns,s42,0,5303629
+1001600000.0ns,s42,0,5477629
+1001700000.0ns,s42,0,6737935
+1001800000.0ns,s42,0,7309580
+1001900000.0ns,s42,0,7309580
+1002000000.0ns,s42,0,7309580
+1002100000.0ns,s42,0,8292780
+1002200000.0ns,s42,0,9629642
+1002300000.0ns,s42,0,10890365
+1002400000.0ns,s42,0,12150365
+1002500000.0ns,s42,0,13373264
+1002600000.0ns,s42,0,13373264
+1002700000.0ns,s42,0,13373264
+1002800000.0ns,s42,0,13373264
+1002900000.0ns,s42,0,13656764
+1003000000.0ns,s42,0,15196250
+1003100000.0ns,s42,0,15762675
+1003200000.0ns,s42,0,17022675
+1003300000.0ns,s42,0,19542675
+1003400000.0ns,s42,0,22064175
+1003500000.0ns,s42,0,24585675
+1003600000.0ns,s42,0,26314904
+1003700000.0ns,s42,0,28584404
+1003800000.0ns,s42,0,31272629
+1003900000.0ns,s42,0,34447982
+1004000000.0ns,s42,0,37599482
+1004100000.0ns,s42,0,40750762
+1004200000.0ns,s42,0,43732200
+1004300000.0ns,s42,0,46252200
+1004400000.0ns,s42,0,48773700
+1004500000.0ns,s42,0,51295200
+1004600000.0ns,s42,0,53815200
+1004700000.0ns,s42,0,55341986
+1004800000.0ns,s42,0,56529815
+1004900000.0ns,s42,0,57791315
+1005000000.0ns,s42,0,59051315
+1005100000.0ns,s42,0,60660815
+1005200000.0ns,s42,0,63183815
+1005300000.0ns,s42,0,65307330
+1005400000.0ns,s42,0,67854315
+1005500000.0ns,s42,0,70374926
+1005600000.0ns,s42,0,72897926
+1005700000.0ns,s42,0,75418020
+1005800000.0ns,s42,0,77793037
+1005900000.0ns,s42,0,79116621
+1006000000.0ns,s42,0,82178201
+1006100000.0ns,s42,0,83439701
+1006200000.0ns,s42,0,83825964
+1006300000.0ns,s42,0,83825964
+1006400000.0ns,s42,0,84808464
+1006500000.0ns,s42,0,86069964
+1006600000.0ns,s42,0,87355239
+1006700000.0ns,s42,0,88642326
+1006800000.0ns,s42,0,89502715
+1006900000.0ns,s42,0,89502715
+1007000000.0ns,s42,0,90566464
+1007100000.0ns,s42,0,91827964
+1007200000.0ns,s42,0,92596384
+1007300000.0ns,s42,0,93856384
+1007400000.0ns,s42,0,95116384
+1007500000.0ns,s42,0,96377884
+1007600000.0ns,s42,0,97637884
+1007700000.0ns,s42,0,99566884
+1007800000.0ns,s42,0,102088384
+1007900000.0ns,s42,0,103590369
+1008000000.0ns,s42,0,104849940
+1008100000.0ns,s42,0,104967321
+1008200000.0ns,s42,0,104967321
+1008300000.0ns,s42,0,105044934
+1008400000.0ns,s42,0,105475434
+1008500000.0ns,s42,0,106735516
+1008600000.0ns,s42,0,108620186
+1008700000.0ns,s42,0,111111422
+1008800000.0ns,s42,0,114372684
+1008900000.0ns,s42,0,117840887
+1009000000.0ns,s42,0,120362387
+1009100000.0ns,s42,0,121858558
+1009200000.0ns,s42,0,123118558
+1009300000.0ns,s42,0,124380058
+1009400000.0ns,s42,0,125688754
+1009500000.0ns,s42,0,126948754
+1009600000.0ns,s42,0,127385506
+1009700000.0ns,s42,0,127385506
+1009800000.0ns,s42,0,127385506
+1009900000.0ns,s42,0,127385506
+1010000000.0ns,s42,0,127469162
+1010100000.0ns,s42,0,127469162
+1010200000.0ns,s42,0,127487131
+1010300000.0ns,s42,0,127800184
+1010400000.0ns,s42,0,128476963
+1010500000.0ns,s42,0,128547067
+1010600000.0ns,s42,0,128553315
+1010700000.0ns,s42,0,128553315
+1010800000.0ns,s42,0,128553315
+1010900000.0ns,s42,0,129175815
+1011000000.0ns,s42,0,130185982
+1011100000.0ns,s42,0,130185982
+1011200000.0ns,s42,0,130185982
+1011300000.0ns,s42,0,130961482
+1011400000.0ns,s42,0,132222982
+1011500000.0ns,s42,0,133482982
+1011600000.0ns,s42,0,134924137
+1011700000.0ns,s42,0,136184137
+1011800000.0ns,s42,0,138065137
+1011900000.0ns,s42,0,140586637
+1012000000.0ns,s42,0,144530137
+1012100000.0ns,s42,0,148563515
+1012200000.0ns,s42,0,151360385
+1012300000.0ns,s42,0,153880385
+1012400000.0ns,s42,0,156402074
+1012500000.0ns,s42,0,158197428
+1012600000.0ns,s42,0,158226031
+1012700000.0ns,s42,0,158226031
+1012800000.0ns,s42,0,158733031
+1012900000.0ns,s42,0,159304531
+1013000000.0ns,s42,0,159304531
+1013100000.0ns,s42,0,159304531
+1013200000.0ns,s42,0,159304531
+1013300000.0ns,s42,0,159304531
+1013400000.0ns,s42,0,163040435
+1013500000.0ns,s42,0,167009692
+1013600000.0ns,s42,0,171439934
+1013700000.0ns,s42,0,175221088
+1013800000.0ns,s42,0,179075375
+1013900000.0ns,s42,0,183313913
+1014000000.0ns,s42,0,187095688
+1014100000.0ns,s42,0,190496037
+1014200000.0ns,s42,0,191976537
+1014300000.0ns,s42,0,191976537
+1014400000.0ns,s42,0,191976537
+1014500000.0ns,s42,0,191976537
+1014600000.0ns,s42,0,191976537
+1014700000.0ns,s42,0,191976537
+1014800000.0ns,s42,0,191976537
+1014900000.0ns,s42,0,191976537
+1015000000.0ns,s42,0,191976537
+1015100000.0ns,s42,0,191976537
+1015200000.0ns,s42,0,191976537
+1015300000.0ns,s42,0,191976537
+1015400000.0ns,s42,0,191976537
+1015500000.0ns,s42,0,191976537
+1015600000.0ns,s42,0,191976537
+1015700000.0ns,s42,0,191976537
+1015800000.0ns,s42,0,193503224
+1015900000.0ns,s42,0,196119592
+1016000000.0ns,s42,0,199771971
+1016100000.0ns,s42,0,202342580
+1016200000.0ns,s42,0,204864080
+1016300000.0ns,s42,0,207479139
+1016400000.0ns,s42,0,211260658
+1016500000.0ns,s42,0,215051759
+1016600000.0ns,s42,0,218833519
+1016700000.0ns,s42,0,222613519
+1016800000.0ns,s42,0,226396519
+1016900000.0ns,s42,0,229686420
+1017000000.0ns,s42,0,232836420
+1017100000.0ns,s42,0,235986922
+1017200000.0ns,s42,0,239162362
+1017300000.0ns,s42,0,240416362
+1017400000.0ns,s42,0,240416362
+1017500000.0ns,s42,0,240416362
+1017600000.0ns,s42,0,240416362
+1017700000.0ns,s42,0,240416362
+1017800000.0ns,s42,0,243861888
+1017900000.0ns,s42,0,247643388
+1018000000.0ns,s42,0,247941888
+1018100000.0ns,s42,0,247941888
+1018200000.0ns,s42,0,250830237
+1018300000.0ns,s42,0,253351664
+1018400000.0ns,s42,0,255872652
+1018500000.0ns,s42,0,258784152
+1018600000.0ns,s42,0,262084152
+1018700000.0ns,s42,0,262084152
+1018800000.0ns,s42,0,264595152
+1018900000.0ns,s42,0,268509830
+1019000000.0ns,s42,0,272290929
+1019100000.0ns,s42,0,273039429
+1019200000.0ns,s42,0,273039429
+1019300000.0ns,s42,0,273039429
+1019400000.0ns,s42,0,273039429
+1019500000.0ns,s42,0,273039429
+1019600000.0ns,s42,0,273039429
+1019700000.0ns,s42,0,273039429
+1019800000.0ns,s42,0,273039429
+1019900000.0ns,s42,0,273039429
+1020000000.0ns,s42,0,273039429
+1020100000.0ns,s42,0,273676929
+1020200000.0ns,s42,0,278097429
+1020300000.0ns,s42,0,281877192
+1020400000.0ns,s42,0,285658692
+1020500000.0ns,s42,0,289440896
+1020600000.0ns,s42,0,292335110
+1020700000.0ns,s42,0,294872649
+1020800000.0ns,s42,0,297505399
+1020900000.0ns,s42,0,299092070
+1021000000.0ns,s42,0,299413070
+1021100000.0ns,s42,0,299413070
+1021200000.0ns,s42,0,299413070
+1021300000.0ns,s42,0,299413070
+1021400000.0ns,s42,0,299413070
+1021500000.0ns,s42,0,299413070
+1021600000.0ns,s42,0,299413070
+1021700000.0ns,s42,0,300686072
+1021800000.0ns,s42,0,304660696
+1021900000.0ns,s42,0,307181437
+1022000000.0ns,s42,0,308794696
+1022100000.0ns,s42,0,310215196
+1022200000.0ns,s42,0,312736696
+1022300000.0ns,s42,0,315329772
+1022400000.0ns,s42,0,318137772
+1022500000.0ns,s42,0,321920154
+1022600000.0ns,s42,0,322248654
+1022700000.0ns,s42,0,322248654
+1022800000.0ns,s42,0,322248654
+1022900000.0ns,s42,0,326588154
+1023000000.0ns,s42,0,331258721
+1023100000.0ns,s42,0,335039395
+1023200000.0ns,s42,0,336404299
+1023300000.0ns,s42,0,336404299
+1023400000.0ns,s42,0,337736299
+1023500000.0ns,s42,0,340306692
+1023600000.0ns,s42,0,342826692
+1023700000.0ns,s42,0,345315763
+1023800000.0ns,s42,0,345315763
+1023900000.0ns,s42,0,345315763
+1024000000.0ns,s42,0,345780763
+1024100000.0ns,s42,0,348615606
+1024200000.0ns,s42,0,352152606
+1024300000.0ns,s42,0,354063218
+1024400000.0ns,s42,0,355324718
+1024500000.0ns,s42,0,356935030
+1024600000.0ns,s42,0,356997679
+1024700000.0ns,s42,0,357036490
+1024800000.0ns,s42,0,357200475
+1024900000.0ns,s42,0,358903648
+1025000000.0ns,s42,0,360539843
+1025100000.0ns,s42,0,361144343
+1025200000.0ns,s42,0,362405843
+1025300000.0ns,s42,0,363693711
+1025400000.0ns,s42,0,363693711
+1025500000.0ns,s42,0,363693711
+1025600000.0ns,s42,0,363795146
+1025700000.0ns,s42,0,363795146
+1025800000.0ns,s42,0,364209146
+1025900000.0ns,s42,0,365773646
+1026000000.0ns,s42,0,367573109
+1026100000.0ns,s42,0,369173885
+1026200000.0ns,s42,0,371693657
+1026300000.0ns,s42,0,374215157
+1026400000.0ns,s42,0,376735734
+1026500000.0ns,s42,0,378870895
+1026600000.0ns,s42,0,380132395
+1026700000.0ns,s42,0,382654074
+1026800000.0ns,s42,0,385665813
+1026900000.0ns,s42,0,388587608
+1027000000.0ns,s42,0,391131240
+1027100000.0ns,s42,0,394315949
+1027200000.0ns,s42,0,397388362
+1027300000.0ns,s42,0,399909862
+1027400000.0ns,s42,0,402512340
+1027500000.0ns,s42,0,405040618
+1027600000.0ns,s42,0,407562118
+1027700000.0ns,s42,0,410082118
+1027800000.0ns,s42,0,412603154
+1027900000.0ns,s42,0,414011654
+1028000000.0ns,s42,0,414011654
+1028100000.0ns,s42,0,414011654
+1028200000.0ns,s42,0,414011654
+1028300000.0ns,s42,0,414011654
+1028400000.0ns,s42,0,416752625
+1028500000.0ns,s42,0,420534284
+1028600000.0ns,s42,0,424315784
+1028700000.0ns,s42,0,428097284
+1028800000.0ns,s42,0,432954243
+1028900000.0ns,s42,0,437652727
+1029000000.0ns,s42,0,441434188
+1029100000.0ns,s42,0,445216451
+1029200000.0ns,s42,0,448420451
+1029300000.0ns,s42,0,448420451
+1029400000.0ns,s42,0,448420451
+1029500000.0ns,s42,0,448420451
+1029600000.0ns,s42,0,448420451
+1029700000.0ns,s42,0,448420451
+1029800000.0ns,s42,0,448420451
+1029900000.0ns,s42,0,448420451
+1030000000.0ns,s42,0,448420451
+1030100000.0ns,s42,0,448420451
+1030200000.0ns,s42,0,448420451
+1030300000.0ns,s42,0,448420451
+1030400000.0ns,s42,0,448420451
+1030500000.0ns,s42,0,448420451
+1030600000.0ns,s42,0,448420451
+1030700000.0ns,s42,0,452223209
+1030800000.0ns,s42,0,455556962
+1030900000.0ns,s42,0,458079208
+1031000000.0ns,s42,0,460599337
+1031100000.0ns,s42,0,463119337
+1031200000.0ns,s42,0,465640537
+1031300000.0ns,s42,0,468462510
+1031400000.0ns,s42,0,471913326
+1031500000.0ns,s42,0,473407326
+1031600000.0ns,s42,0,473407326
+1031700000.0ns,s42,0,473407326
+1031800000.0ns,s42,0,473407326
+1031900000.0ns,s42,0,473407326
+1032000000.0ns,s42,0,473407326
+1032100000.0ns,s42,0,473407326
+1032200000.0ns,s42,0,473407326
+1032300000.0ns,s42,0,473407326
+1032400000.0ns,s42,0,473407326
+1032500000.0ns,s42,0,473407326
+1032600000.0ns,s42,0,473407326
+1032700000.0ns,s42,0,475503471
+1032800000.0ns,s42,0,479403471
+1032900000.0ns,s42,0,483184547
+1033000000.0ns,s42,0,486968138
+1033100000.0ns,s42,0,491125663
+1033200000.0ns,s42,0,495229663
+1033300000.0ns,s42,0,498979411
+1033400000.0ns,s42,0,501499569
+1033500000.0ns,s42,0,504021069
+1033600000.0ns,s42,0,506541312
+1033700000.0ns,s42,0,509063263
+1033800000.0ns,s42,0,511582617
+1033900000.0ns,s42,0,513838466
+1034000000.0ns,s42,0,513838466
+1034100000.0ns,s42,0,513838466
+1034200000.0ns,s42,0,513838466
+1034300000.0ns,s42,0,513838466
+1034400000.0ns,s42,0,513838466
+1034500000.0ns,s42,0,513838466
+1034600000.0ns,s42,0,513838466
+1034700000.0ns,s42,0,513838466
+1034800000.0ns,s42,0,513838466
+1034900000.0ns,s42,0,513838466
+1035000000.0ns,s42,0,513838466
+1035100000.0ns,s42,0,513838466
+1035200000.0ns,s42,0,513838466
+1035300000.0ns,s42,0,513838466
+1035400000.0ns,s42,0,513838466
+1035500000.0ns,s42,0,515660605
+1035600000.0ns,s42,0,518293753
+1035700000.0ns,s42,0,520814860
+1035800000.0ns,s42,0,523522011
+1035900000.0ns,s42,0,527252522
+1036000000.0ns,s42,0,529774022
+1036100000.0ns,s42,0,532552827
+1036200000.0ns,s42,0,535243635
+1036300000.0ns,s42,0,537489135
+1036400000.0ns,s42,0,537489135
+1036500000.0ns,s42,0,537489135
+1036600000.0ns,s42,0,538795881
+1036700000.0ns,s42,0,538978881
+1036800000.0ns,s42,0,538978881
+1036900000.0ns,s42,0,541530265
+1037000000.0ns,s42,0,544640043
+1037100000.0ns,s42,0,547872543
+1037200000.0ns,s42,0,550637110
+1037300000.0ns,s42,0,553160110
+1037400000.0ns,s42,0,555760955
+1037500000.0ns,s42,0,558280955
+1037600000.0ns,s42,0,560802455
+1037700000.0ns,s42,0,563323955
+1037800000.0ns,s42,0,565844081
+1037900000.0ns,s42,0,569230460
+1038000000.0ns,s42,0,571750460
+1038100000.0ns,s42,0,574272899
+1038200000.0ns,s42,0,576793170
+1038300000.0ns,s42,0,578783039
+1038400000.0ns,s42,0,580103823
+1038500000.0ns,s42,0,581363823
+1038600000.0ns,s42,0,582628236
+1038700000.0ns,s42,0,584659514
+1038800000.0ns,s42,0,588441014
+1038900000.0ns,s42,0,592222101
+1039000000.0ns,s42,0,596003121
+1039100000.0ns,s42,0,599244576
+1039200000.0ns,s42,0,601551125
+1039300000.0ns,s42,0,602812625
+1039400000.0ns,s42,0,604075535
+1039500000.0ns,s42,0,605336681
+1039600000.0ns,s42,0,607243181
+1039700000.0ns,s42,0,609029094
+1039800000.0ns,s42,0,609029094
+1039900000.0ns,s42,0,609029094
+1040000000.0ns,s42,0,609029094
+1040100000.0ns,s42,0,609029094
+1040200000.0ns,s42,0,609029094
+1040300000.0ns,s42,0,609029094
+1040400000.0ns,s42,0,609029094
+1040500000.0ns,s42,0,609029094
+1040600000.0ns,s42,0,609029094
+1040700000.0ns,s42,0,610343094
+1040800000.0ns,s42,0,614453094
+1040900000.0ns,s42,0,618233805
+1041000000.0ns,s42,0,622016040
+1041100000.0ns,s42,0,625797095
+1041200000.0ns,s42,0,629578595
+1041300000.0ns,s42,0,633360095
+1041400000.0ns,s42,0,636032566
+1041500000.0ns,s42,0,638552566
+1041600000.0ns,s42,0,641074066
+1041700000.0ns,s42,0,643595566
+1041800000.0ns,s42,0,646115164
+1041900000.0ns,s42,0,649326664
+1042000000.0ns,s42,0,651946061
+1042100000.0ns,s42,0,654466061
+1042200000.0ns,s42,0,657049845
+1042300000.0ns,s42,0,659571345
+1042400000.0ns,s42,0,662091345
+1042500000.0ns,s42,0,664612845
+1042600000.0ns,s42,0,666165342
+1042700000.0ns,s42,0,668006165
+1042800000.0ns,s42,0,668126165
+1042900000.0ns,s42,0,668126165
+1043000000.0ns,s42,0,668126165
+1043100000.0ns,s42,0,668126165
+1043200000.0ns,s42,0,668126165
+1043300000.0ns,s42,0,668126165
+1043400000.0ns,s42,0,670535512
+1043500000.0ns,s42,0,673057012
+1043600000.0ns,s42,0,676456012
+1043700000.0ns,s42,0,680414645
+1043800000.0ns,s42,0,684184027
+1043900000.0ns,s42,0,687770658
+1044000000.0ns,s42,0,691527125
+1044100000.0ns,s42,0,694048434
+1044200000.0ns,s42,0,696569934
+1044300000.0ns,s42,0,697015434
+1044400000.0ns,s42,0,697015434
+1044500000.0ns,s42,0,697015434
+1044600000.0ns,s42,0,697015434
+1044700000.0ns,s42,0,697015434
+1044800000.0ns,s42,0,697015434
+1044900000.0ns,s42,0,697015434
+1045000000.0ns,s42,0,697015434
+1045100000.0ns,s42,0,697015434
+1045200000.0ns,s42,0,697015434
+1045300000.0ns,s42,0,700290318
+1045400000.0ns,s42,0,705463818
+1045500000.0ns,s42,0,709648007
+1045600000.0ns,s42,0,711794067
+1045700000.0ns,s42,0,713316567
+1045800000.0ns,s42,0,714987532
+1045900000.0ns,s42,0,716247532
+1046000000.0ns,s42,0,717509032
+1046100000.0ns,s42,0,718952629
+1046200000.0ns,s42,0,718952629
+1046300000.0ns,s42,0,718952629
+1046400000.0ns,s42,0,718952629
+1046500000.0ns,s42,0,719497563
+1046600000.0ns,s42,0,722256063
+1046700000.0ns,s42,0,724852352
+1046800000.0ns,s42,0,727373852
+1046900000.0ns,s42,0,729895107
+1047000000.0ns,s42,0,732576298
+1047100000.0ns,s42,0,736582798
+1047200000.0ns,s42,0,741624298
+1047300000.0ns,s42,0,744287648
+1047400000.0ns,s42,0,745547648
+1047500000.0ns,s42,0,747947648
+1047600000.0ns,s42,0,750469148
+1047700000.0ns,s42,0,752271042
+1047800000.0ns,s42,0,753531042
+1047900000.0ns,s42,0,754210542
+1048000000.0ns,s42,0,754210542
+1048100000.0ns,s42,0,754210542
+1048200000.0ns,s42,0,754210542
+1048300000.0ns,s42,0,754210542
+1048400000.0ns,s42,0,754210542
+1048500000.0ns,s42,0,754210542
+1048600000.0ns,s42,0,754210542
+1048700000.0ns,s42,0,754210542
+1048800000.0ns,s42,0,757796293
+1048900000.0ns,s42,0,761923061
+1049000000.0ns,s42,0,766810767
+1049100000.0ns,s42,0,770592349
+1049200000.0ns,s42,0,773445399
+1049300000.0ns,s42,0,775965941
+1049400000.0ns,s42,0,778487176
+1049500000.0ns,s42,0,781008676
+1049600000.0ns,s42,0,782440294
+1049700000.0ns,s42,0,782440294
+1049800000.0ns,s42,0,782440294
+1049900000.0ns,s42,0,782440294
+1050000000.0ns,s42,0,782440294
+1050100000.0ns,s42,0,782440294
+1050200000.0ns,s42,0,782440294
+1050300000.0ns,s42,0,782440294
+1050400000.0ns,s42,0,782440294
+1050500000.0ns,s42,0,782440294
+1050600000.0ns,s42,0,782440294
+1050700000.0ns,s42,0,782440294
+1050800000.0ns,s42,0,782440294
+1050900000.0ns,s42,0,782440294
+1051000000.0ns,s42,0,783180848
+1051100000.0ns,s42,0,787395205
+1051200000.0ns,s42,0,791175803
+1051300000.0ns,s42,0,794918167
+1051400000.0ns,s42,0,797184115
+1051500000.0ns,s42,0,798456304
+1051600000.0ns,s42,0,799716304
+1051700000.0ns,s42,0,801329995
+1051800000.0ns,s42,0,802591495
+1051900000.0ns,s42,0,803858326
+1052000000.0ns,s42,0,805236237
+1052100000.0ns,s42,0,806496237
+1052200000.0ns,s42,0,808403223
+1052300000.0ns,s42,0,810918207
+1052400000.0ns,s42,0,812178207
+1052500000.0ns,s42,0,813439707
+1052600000.0ns,s42,0,814699707
+1052700000.0ns,s42,0,815959707
+1052800000.0ns,s42,0,817221207
+1052900000.0ns,s42,0,818481207
+1053000000.0ns,s42,0,819741304
+1053100000.0ns,s42,0,821001899
+1053200000.0ns,s42,0,822738384
+1053300000.0ns,s42,0,823998384
+1053400000.0ns,s42,0,825305909
+1053500000.0ns,s42,0,826567639
+1053600000.0ns,s42,0,828217458
+1053700000.0ns,s42,0,829477458
+1053800000.0ns,s42,0,830738031
+1053900000.0ns,s42,0,832851531
+1054000000.0ns,s42,0,835221736
+1054100000.0ns,s42,0,836481736
+1054200000.0ns,s42,0,837743236
+1054300000.0ns,s42,0,839003236
+1054400000.0ns,s42,0,840263236
+1054500000.0ns,s42,0,841566736
+1054600000.0ns,s42,0,844951759
+1054700000.0ns,s42,0,847472637
+1054800000.0ns,s42,0,849992637
+1054900000.0ns,s42,0,851850469
+1055000000.0ns,s42,0,853111969
+1055100000.0ns,s42,0,854371969
+1055200000.0ns,s42,0,855631969
+1055300000.0ns,s42,0,858010986
+1055400000.0ns,s42,0,860195041
+1055500000.0ns,s42,0,862716541
+1055600000.0ns,s42,0,864501583
+1055700000.0ns,s42,0,865761054
+1055800000.0ns,s42,0,867022554
+1055900000.0ns,s42,0,868347235
+1056000000.0ns,s42,0,869613378
+1056100000.0ns,s42,0,870537585
+1056200000.0ns,s42,0,870540717
+1056300000.0ns,s42,0,870955149
+1056400000.0ns,s42,0,871457649
+1056500000.0ns,s42,0,874123149
+1056600000.0ns,s42,0,876643149
+1056700000.0ns,s42,0,879163661
+1056800000.0ns,s42,0,881709038
+1056900000.0ns,s42,0,884263869
+1057000000.0ns,s42,0,886783869
+1057100000.0ns,s42,0,889617463
+1057200000.0ns,s42,0,892137463
+1057300000.0ns,s42,0,894958963
+1057400000.0ns,s42,0,898109758
+1057500000.0ns,s42,0,900779910
+1057600000.0ns,s42,0,903165449
+1057700000.0ns,s42,0,903502434
+1057800000.0ns,s42,0,903510308
+1057900000.0ns,s42,0,903510308
+1058000000.0ns,s42,0,903715161
+1058100000.0ns,s42,0,903980661
+1058200000.0ns,s42,0,905258661
+1058300000.0ns,s42,0,906563120
+1058400000.0ns,s42,0,907370120
+1058500000.0ns,s42,0,909405620
+1058600000.0ns,s42,0,911295620
+1058700000.0ns,s42,0,913807259
+1058800000.0ns,s42,0,915917423
+1058900000.0ns,s42,0,917382923
+1059000000.0ns,s42,0,918644423
+1059100000.0ns,s42,0,919906535
+1059200000.0ns,s42,0,921995002
+1059300000.0ns,s42,0,925652312
+1059400000.0ns,s42,0,928175874
+1059500000.0ns,s42,0,930738675
+1059600000.0ns,s42,0,933258675
+1059700000.0ns,s42,0,935784675
+1059800000.0ns,s42,0,938446084
+1059900000.0ns,s42,0,940535954
+1060000000.0ns,s42,0,942524954
+1060100000.0ns,s42,0,943351454
+1060200000.0ns,s42,0,943351454
+1060300000.0ns,s42,0,943351454
+1060400000.0ns,s42,0,943351454
+1060500000.0ns,s42,0,943351454
+1060600000.0ns,s42,0,943351454
+1060700000.0ns,s42,0,943351454
+1060800000.0ns,s42,0,943351454
+1060900000.0ns,s42,0,943351454
+1061000000.0ns,s42,0,943351454
+1061100000.0ns,s42,0,943351454
+1061200000.0ns,s42,0,945412567
+1061300000.0ns,s42,0,948179932
+1061400000.0ns,s42,0,950701432
+1061500000.0ns,s42,0,953230313
+1061600000.0ns,s42,0,955790606
+1061700000.0ns,s42,0,957245768
+1061800000.0ns,s42,0,958505768
+1061900000.0ns,s42,0,959775722
+1062000000.0ns,s42,0,961035722
+1062100000.0ns,s42,0,961914722
+1062200000.0ns,s42,0,961914722
+1062300000.0ns,s42,0,961914722
+1062400000.0ns,s42,0,961914722
+1062500000.0ns,s42,0,961914722
+1062600000.0ns,s42,0,963642722
+1062700000.0ns,s42,0,966163746
+1062800000.0ns,s42,0,968683746
+1062900000.0ns,s42,0,971318628
+1063000000.0ns,s42,0,973870483
+1063100000.0ns,s42,0,976261483
+1063200000.0ns,s42,0,978452332
+1063300000.0ns,s42,0,980636332
+1063400000.0ns,s42,0,983064430
+1063500000.0ns,s42,0,985596828
+1063600000.0ns,s42,0,988118328
+1063700000.0ns,s42,0,990638948
+1063800000.0ns,s42,0,993322448
+1063900000.0ns,s42,0,996473381
+1064000000.0ns,s42,0,1000231476
+1064100000.0ns,s42,0,1004011476
+1064200000.0ns,s42,0,1007581599
+1064300000.0ns,s42,0,1010135973
+1064400000.0ns,s42,0,1013098473
+1064500000.0ns,s42,0,1014910473
+1064600000.0ns,s42,0,1014910473
+1064700000.0ns,s42,0,1014910473
+1064800000.0ns,s42,0,1014910473
+1064900000.0ns,s42,0,1014910473
+1065000000.0ns,s42,0,1014910473
+1065100000.0ns,s42,0,1014910473
+1065200000.0ns,s42,0,1014910473
+1065300000.0ns,s42,0,1014910473
+1065400000.0ns,s42,0,1016081016
+1065500000.0ns,s42,0,1018766016
+1065600000.0ns,s42,0,1021973938
+1065700000.0ns,s42,0,1025754662
+1065800000.0ns,s42,0,1028562517
+1065900000.0ns,s42,0,1031088324
+1066000000.0ns,s42,0,1034494812
+1066100000.0ns,s42,0,1038280325
+1066200000.0ns,s42,0,1042061354
+1066300000.0ns,s42,0,1045842854
+1066400000.0ns,s42,0,1049316918
+1066500000.0ns,s42,0,1049316918
+1066600000.0ns,s42,0,1049316918
+1066700000.0ns,s42,0,1049316918
+1066800000.0ns,s42,0,1049316918
+1066900000.0ns,s42,0,1049316918
+1067000000.0ns,s42,0,1049316918
+1067100000.0ns,s42,0,1049316918
+1067200000.0ns,s42,0,1049316918
+1067300000.0ns,s42,0,1049316918
+1067400000.0ns,s42,0,1049316918
+1067500000.0ns,s42,0,1049316918
+1067600000.0ns,s42,0,1049316918
+1067700000.0ns,s42,0,1049316918
+1067800000.0ns,s42,0,1050807020
+1067900000.0ns,s42,0,1055978920
+1068000000.0ns,s42,0,1061151663
+1068100000.0ns,s42,0,1065185269
+1068200000.0ns,s42,0,1067274022
+1068300000.0ns,s42,0,1068535522
+1068400000.0ns,s42,0,1069805390
+1068500000.0ns,s42,0,1071065390
+1068600000.0ns,s42,0,1072326890
+1068700000.0ns,s42,0,1072605890
+1068800000.0ns,s42,0,1072605890
+1068900000.0ns,s42,0,1072605890
+1069000000.0ns,s42,0,1072605890
+1069100000.0ns,s42,0,1072605890
+1069200000.0ns,s42,0,1075013444
+1069300000.0ns,s42,0,1076906386
+1069400000.0ns,s42,0,1078322386
+1069500000.0ns,s42,0,1080268161
+1069600000.0ns,s42,0,1081528161
+1069700000.0ns,s42,0,1082801321
+1069800000.0ns,s42,0,1084060931
+1069900000.0ns,s42,0,1086036806
+1070000000.0ns,s42,0,1087752842
+1070100000.0ns,s42,0,1089012842
+1070200000.0ns,s42,0,1090272842
+1070300000.0ns,s42,0,1092392462
+1070400000.0ns,s42,0,1094878467
+1070500000.0ns,s42,0,1098659967
+1070600000.0ns,s42,0,1102444912
+1070700000.0ns,s42,0,1106225822
+1070800000.0ns,s42,0,1109630394
+1070900000.0ns,s42,0,1112151723
+1071000000.0ns,s42,0,1114671864
+1071100000.0ns,s42,0,1116944740
+1071200000.0ns,s42,0,1118232436
+1071300000.0ns,s42,0,1119521815
+1071400000.0ns,s42,0,1122007315
+1071500000.0ns,s42,0,1125224787
+1071600000.0ns,s42,0,1126373787
+1071700000.0ns,s42,0,1126373787
+1071800000.0ns,s42,0,1126373787
+1071900000.0ns,s42,0,1127392287
+1072000000.0ns,s42,0,1131581787
+1072100000.0ns,s42,0,1134495103
+1072200000.0ns,s42,0,1136393176
+1072300000.0ns,s42,0,1136993176
+1072400000.0ns,s42,0,1137809497
+1072500000.0ns,s42,0,1137835337
+1072600000.0ns,s42,0,1137835337
+1072700000.0ns,s42,0,1138517515
+1072800000.0ns,s42,0,1139859384
+1072900000.0ns,s42,0,1141119384
+1073000000.0ns,s42,0,1142537397
+1073100000.0ns,s42,0,1144170864
+1073200000.0ns,s42,0,1145540115
+1073300000.0ns,s42,0,1145951686
+1073400000.0ns,s42,0,1145951686
+1073500000.0ns,s42,0,1145951686
+1073600000.0ns,s42,0,1147147186
+1073700000.0ns,s42,0,1149475356
+1073800000.0ns,s42,0,1149781047
+1073900000.0ns,s42,0,1149781047
+1074000000.0ns,s42,0,1149827019
+1074100000.0ns,s42,0,1149827019
+1074200000.0ns,s42,0,1150273002
+1074300000.0ns,s42,0,1151249280
+1074400000.0ns,s42,0,1152259666
+1074500000.0ns,s42,0,1152429565
+1074600000.0ns,s42,0,1153119518
+1074700000.0ns,s42,0,1153700507
+1074800000.0ns,s42,0,1154255893
+1074900000.0ns,s42,0,1154684893
+1075000000.0ns,s42,0,1155763794
+1075100000.0ns,s42,0,1155763794
+1075200000.0ns,s42,0,1155763794
+1075300000.0ns,s42,0,1155763794
+1075400000.0ns,s42,0,1155994794
+1075500000.0ns,s42,0,1156290396
+1075600000.0ns,s42,0,1157550396
+1075700000.0ns,s42,0,1158811896
+1075800000.0ns,s42,0,1160072622
+1075900000.0ns,s42,0,1161041205
+1076000000.0ns,s42,0,1161123333
+1076100000.0ns,s42,0,1161127971
+1076200000.0ns,s42,0,1162018971
+1076300000.0ns,s42,0,1163280471
+1076400000.0ns,s42,0,1164540471
+1076500000.0ns,s42,0,1165800323
+1076600000.0ns,s42,0,1167051240
+1076700000.0ns,s42,0,1169044961
+1076800000.0ns,s42,0,1170304961
+1076900000.0ns,s42,0,1172058461
+1077000000.0ns,s42,0,1174579961
+1077100000.0ns,s42,0,1177975961
+1077200000.0ns,s42,0,1180132275
+1077300000.0ns,s42,0,1182009836
+1077400000.0ns,s42,0,1183269836
+1077500000.0ns,s42,0,1184530991
+1077600000.0ns,s42,0,1186461323
+1077700000.0ns,s42,0,1188658748
+1077800000.0ns,s42,0,1189919140
+1077900000.0ns,s42,0,1191217979
+1078000000.0ns,s42,0,1192477979
+1078100000.0ns,s42,0,1193752150
+1078200000.0ns,s42,0,1195137055
+1078300000.0ns,s42,0,1196397055
+1078400000.0ns,s42,0,1197665981
+1078500000.0ns,s42,0,1197995981
+1078600000.0ns,s42,0,1197995981
+1078700000.0ns,s42,0,1197995981
+1078800000.0ns,s42,0,1197995981
+1078900000.0ns,s42,0,1197995981
+1079000000.0ns,s42,0,1197995981
+1079100000.0ns,s42,0,1200992347
+1079200000.0ns,s42,0,1206165231
+1079300000.0ns,s42,0,1209190240
+1079400000.0ns,s42,0,1211715215
+1079500000.0ns,s42,0,1214235520
+1079600000.0ns,s42,0,1216757020
+1079700000.0ns,s42,0,1219215278
+1079800000.0ns,s42,0,1220476778
+1079900000.0ns,s42,0,1221678278
+1080000000.0ns,s42,0,1221678278
+1080100000.0ns,s42,0,1221678278
+1080200000.0ns,s42,0,1221678278
+1080300000.0ns,s42,0,1221678278
+1080400000.0ns,s42,0,1221678278
+1080500000.0ns,s42,0,1221678278
+1080600000.0ns,s42,0,1221678278
+1080700000.0ns,s42,0,1221678278
+1080800000.0ns,s42,0,1221678278
+1080900000.0ns,s42,0,1221678278
+1081000000.0ns,s42,0,1221678278
+1081100000.0ns,s42,0,1225994093
+1081200000.0ns,s42,0,1229347133
+1081300000.0ns,s42,0,1232113653
+1081400000.0ns,s42,0,1234321648
+1081500000.0ns,s42,0,1235965648
+1081600000.0ns,s42,0,1238487148
+1081700000.0ns,s42,0,1241007148
+1081800000.0ns,s42,0,1243528623
+1081900000.0ns,s42,0,1246049252
+1082000000.0ns,s42,0,1248570324
+1082100000.0ns,s42,0,1250845816
+1082200000.0ns,s42,0,1252107316
+1082300000.0ns,s42,0,1253367316
+1082400000.0ns,s42,0,1254627747
+1082500000.0ns,s42,0,1255584747
+1082600000.0ns,s42,0,1255584747
+1082700000.0ns,s42,0,1255584747
+1082800000.0ns,s42,0,1255584747
+1082900000.0ns,s42,0,1255584747
+1083000000.0ns,s42,0,1255584747
+1083100000.0ns,s42,0,1257723790
+1083200000.0ns,s42,0,1259438914
+1083300000.0ns,s42,0,1262555914
+1083400000.0ns,s42,0,1264477458
+1083500000.0ns,s42,0,1265737458
+1083600000.0ns,s42,0,1266997458
+1083700000.0ns,s42,0,1269490458
+1083800000.0ns,s42,0,1272011540
+1083900000.0ns,s42,0,1274533401
+1084000000.0ns,s42,0,1277146568
+1084100000.0ns,s42,0,1280928068
+1084200000.0ns,s42,0,1283387422
+1084300000.0ns,s42,0,1284648922
+1084400000.0ns,s42,0,1285908922
+1084500000.0ns,s42,0,1286835922
+1084600000.0ns,s42,0,1286835922
+1084700000.0ns,s42,0,1286835922
+1084800000.0ns,s42,0,1286835922
+1084900000.0ns,s42,0,1286835922
+1085000000.0ns,s42,0,1286835922
+1085100000.0ns,s42,0,1286835922
+1085200000.0ns,s42,0,1286835922
+1085300000.0ns,s42,0,1286835922
+1085400000.0ns,s42,0,1286835922
+1085500000.0ns,s42,0,1286835922
+1085600000.0ns,s42,0,1288060306
+1085700000.0ns,s42,0,1290217948
+1085800000.0ns,s42,0,1292737948
+1085900000.0ns,s42,0,1295579775
+1086000000.0ns,s42,0,1298946405
+1086100000.0ns,s42,0,1300927928
+1086200000.0ns,s42,0,1303300490
+1086300000.0ns,s42,0,1305820637
+1086400000.0ns,s42,0,1308342371
+1086500000.0ns,s42,0,1310862371
+1086600000.0ns,s42,0,1314615691
+1086700000.0ns,s42,0,1317199633
+1086800000.0ns,s42,0,1318482133
+1086900000.0ns,s42,0,1319854118
+1087000000.0ns,s42,0,1324036118
+1087100000.0ns,s42,0,1326216227
+1087200000.0ns,s42,0,1328389069
+1087300000.0ns,s42,0,1330458418
+1087400000.0ns,s42,0,1331718418
+1087500000.0ns,s42,0,1332979575
+1087600000.0ns,s42,0,1334239575
+1087700000.0ns,s42,0,1335499575
+1087800000.0ns,s42,0,1335720075
+1087900000.0ns,s42,0,1335720075
+1088000000.0ns,s42,0,1335720075
+1088100000.0ns,s42,0,1335720075
+1088200000.0ns,s42,0,1335720075
+1088300000.0ns,s42,0,1335720075
+1088400000.0ns,s42,0,1335720075
+1088500000.0ns,s42,0,1335720075
+1088600000.0ns,s42,0,1335720075
+1088700000.0ns,s42,0,1335720075
+1088800000.0ns,s42,0,1338663069
+1088900000.0ns,s42,0,1342443487
+1089000000.0ns,s42,0,1345948718
+1089100000.0ns,s42,0,1348500262
+1089200000.0ns,s42,0,1351021762
+1089300000.0ns,s42,0,1352473075
+1089400000.0ns,s42,0,1353743421
+1089500000.0ns,s42,0,1355096003
+1089600000.0ns,s42,0,1356461734
+1089700000.0ns,s42,0,1356461734
+1089800000.0ns,s42,0,1356461734
+1089900000.0ns,s42,0,1356461734
+1090000000.0ns,s42,0,1358160609
+1090100000.0ns,s42,0,1360547481
+1090200000.0ns,s42,0,1361807481
+1090300000.0ns,s42,0,1363068981
+1090400000.0ns,s42,0,1364328981
+1090500000.0ns,s42,0,1365596781
+1090600000.0ns,s42,0,1366856729
+1090700000.0ns,s42,0,1368173309
+1090800000.0ns,s42,0,1369066895
+1090900000.0ns,s42,0,1369066895
+1091000000.0ns,s42,0,1370460395
+1091100000.0ns,s42,0,1371177911
+1091200000.0ns,s42,0,1371561770
+1091300000.0ns,s42,0,1372727497
+1091400000.0ns,s42,0,1373555497
+1091500000.0ns,s42,0,1375405679
+1091600000.0ns,s42,0,1376667179
+1091700000.0ns,s42,0,1377720259
+1091800000.0ns,s42,0,1379026728
+1091900000.0ns,s42,0,1380286488
+1092000000.0ns,s42,0,1381331957
+1092100000.0ns,s42,0,1382582928
+1092200000.0ns,s42,0,1384255672
+1092300000.0ns,s42,0,1385790603
+1092400000.0ns,s42,0,1385835122
+1092500000.0ns,s42,0,1385835122
+1092600000.0ns,s42,0,1385835122
+1092700000.0ns,s42,0,1385835122
+1092800000.0ns,s42,0,1385835122
+1092900000.0ns,s42,0,1386817077
+1093000000.0ns,s42,0,1388290953
+1093100000.0ns,s42,0,1388562856
+1093200000.0ns,s42,0,1388562856
+1093300000.0ns,s42,0,1388562856
+1093400000.0ns,s42,0,1389144740
+1093500000.0ns,s42,0,1390404740
+1093600000.0ns,s42,0,1391664990
+1093700000.0ns,s42,0,1392924990
+1093800000.0ns,s42,0,1394331295
+1093900000.0ns,s42,0,1396852795
+1094000000.0ns,s42,0,1398421481
+1094100000.0ns,s42,0,1399682981
+1094200000.0ns,s42,0,1400943127
+1094300000.0ns,s42,0,1402203127
+1094400000.0ns,s42,0,1403464627
+1094500000.0ns,s42,0,1404724627
+1094600000.0ns,s42,0,1406514127
+1094700000.0ns,s42,0,1408268525
+1094800000.0ns,s42,0,1410558274
+1094900000.0ns,s42,0,1413244011
+1095000000.0ns,s42,0,1415814288
+1095100000.0ns,s42,0,1417346913
+1095200000.0ns,s42,0,1418614373
+1095300000.0ns,s42,0,1420639373
+1095400000.0ns,s42,0,1423160873
+1095500000.0ns,s42,0,1424302788
+1095600000.0ns,s42,0,1424457174
+1095700000.0ns,s42,0,1424457174
+1095800000.0ns,s42,0,1424480907
+1095900000.0ns,s42,0,1424480907
+1096000000.0ns,s42,0,1425125374
+1096100000.0ns,s42,0,1425332374
+1096200000.0ns,s42,0,1425567874
+1096300000.0ns,s42,0,1425567874
+1096400000.0ns,s42,0,1425836868
+1096500000.0ns,s42,0,1426047821
+1096600000.0ns,s42,0,1427380489
+1096700000.0ns,s42,0,1428735973
+1096800000.0ns,s42,0,1431257473
+1096900000.0ns,s42,0,1433805824
+1097000000.0ns,s42,0,1436005093
+1097100000.0ns,s42,0,1437266593
+1097200000.0ns,s42,0,1439451964
+1097300000.0ns,s42,0,1440039691
+1097400000.0ns,s42,0,1441032691
+1097500000.0ns,s42,0,1443553225
+1097600000.0ns,s42,0,1444761381
+1097700000.0ns,s42,0,1446017918
+1097800000.0ns,s42,0,1447994159
+1097900000.0ns,s42,0,1449254159
+1098000000.0ns,s42,0,1450515659
+1098100000.0ns,s42,0,1451775659
+1098200000.0ns,s42,0,1454106659
+1098300000.0ns,s42,0,1455600327
+1098400000.0ns,s42,0,1457714738
+1098500000.0ns,s42,0,1458766679
+1098600000.0ns,s42,0,1458809458
+1098700000.0ns,s42,0,1458809458
+1098800000.0ns,s42,0,1458909250
+1098900000.0ns,s42,0,1460152909
+1099000000.0ns,s42,0,1460290575
+1099100000.0ns,s42,0,1460290575
+1099200000.0ns,s42,0,1460290575
+1099300000.0ns,s42,0,1460290575
+1099400000.0ns,s42,0,1460454144
+1099500000.0ns,s42,0,1460729967
+1099600000.0ns,s42,0,1460734861
